frame,Mis-Fire Monitor Status,Mis-Fire Counter-200 REV,Mis-Fire Counter CAT 200 Rev,Cylinder 1 FTP Mis-Fire Counter,Cylinder 2 FTP Mis-Fire Counter,Cylinder 3 FTP Mis-Fire Counter,Cylinder 4 FTP Mis-Fire Counter,Cylinder 5 FTP Mis-Fire Counter,Cylinder 6 FTP Mis-Fire Counter,Cylinder 7 FTP Mis-Fire Counter,Cylinder 8 FTP Mis-Fire Counter
0,,675.0,0.0,0.0,0.0,0.0,0.0,0.0,0.0,0.0,0.0
1,,650.0,0.0,0.0,0.0,0.0,0.0,0.0,0.0,0.0,0.0
2,,630.0,0.0,0.0,0.0,0.0,0.0,0.0,0.0,0.0,0.0
3,,609.0,0.0,0.0,0.0,0.0,0.0,0.0,0.0,0.0,0.0
4,,588.0,0.0,0.0,0.0,0.0,0.0,0.0,0.0,0.0,0.0
5,,566.0,0.0,0.0,0.0,0.0,0.0,0.0,0.0,0.0,0.0
6,,546.0,0.0,0.0,0.0,0.0,0.0,0.0,0.0,0.0,0.0
7,,525.0,0.0,0.0,0.0,0.0,0.0,0.0,0.0,0.0,0.0
8,,504.0,0.0,0.0,0.0,0.0,0.0,0.0,0.0,0.0,0.0
9,,483.0,0.0,0.0,0.0,0.0,0.0,0.0,0.0,0.0,0.0
10,,453.0,0.0,0.0,0.0,0.0,0.0,0.0,0.0,0.0,0.0
11,,430.0,0.0,0.0,0.0,0.0,0.0,0.0,0.0,0.0,0.0
12,,394.0,0.0,0.0,0.0,0.0,0.0,0.0,0.0,0.0,0.0
13,,323.0,1.0,0.0,0.0,0.0,0.0,0.0,0.0,0.0,1.0
14,,296.0,1.0,0.0,0.0,0.0,0.0,0.0,0.0,0.0,1.0
15,,296.0,1.0,0.0,0.0,0.0,0.0,0.0,0.0,0.0,1.0
16,,296.0,1.0,0.0,0.0,0.0,0.0,0.0,0.0,0.0,1.0
17,,296.0,1.0,0.0,0.0,0.0,0.0,0.0,0.0,0.0,1.0
18,,286.0,1.0,0.0,0.0,0.0,0.0,0.0,0.0,0.0,1.0
19,,237.0,1.0,0.0,0.0,0.0,0.0,0.0,0.0,0.0,1.0
20,,208.0,1.0,0.0,0.0,0.0,0.0,0.0,0.0,0.0,1.0
21,,208.0,1.0,0.0,0.0,0.0,0.0,0.0,0.0,0.0,1.0
22,,144.0,1.0,0.0,0.0,0.0,0.0,0.0,0.0,0.0,1.0
23,,117.0,1.0,0.0,0.0,0.0,0.0,0.0,0.0,0.0,1.0
24,,106.0,1.0,0.0,0.0,0.0,0.0,0.0,0.0,0.0,1.0
25,,106.0,1.0,0.0,0.0,0.0,0.0,0.0,0.0,0.0,1.0
26,,106.0,1.0,0.0,0.0,0.0,0.0,0.0,0.0,0.0,1.0
27,,106.0,1.0,0.0,0.0,0.0,0.0,0.0,0.0,0.0,1.0
28,,93.0,1.0,0.0,0.0,0.0,0.0,0.0,0.0,0.0,1.0
29,,72.0,1.0,0.0,0.0,0.0,0.0,0.0,0.0,0.0,1.0
30,,50.0,1.0,0.0,0.0,0.0,0.0,0.0,0.0,0.0,1.0
31,,29.0,1.0,0.0,0.0,0.0,0.0,0.0,0.0,0.0,1.0
32,,7.0,1.0,0.0,0.0,0.0,0.0,0.0,0.0,0.0,1.0
33,,786.0,0.0,0.0,0.0,0.0,0.0,0.0,0.0,0.0,1.0
34,,765.0,0.0,0.0,0.0,0.0,0.0,0.0,0.0,0.0,1.0
35,,744.0,0.0,0.0,0.0,0.0,0.0,0.0,0.0,0.0,1.0
36,,723.0,0.0,0.0,0.0,0.0,0.0,0.0,0.0,0.0,1.0
37,,703.0,0.0,0.0,0.0,0.0,0.0,0.0,0.0,0.0,1.0
38,,683.0,0.0,0.0,0.0,0.0,0.0,0.0,0.0,0.0,1.0
39,,663.0,0.0,0.0,0.0,0.0,0.0,0.0,0.0,0.0,1.0
40,,642.0,0.0,0.0,0.0,0.0,0.0,0.0,0.0,0.0,1.0
41,,619.0,0.0,0.0,0.0,0.0,0.0,0.0,0.0,0.0,1.0
42,,575.0,0.0,0.0,0.0,0.0,0.0,0.0,0.0,0.0,1.0
43,,573.0,0.0,0.0,0.0,0.0,0.0,0.0,0.0,0.0,1.0
44,,566.0,0.0,0.0,0.0,0.0,0.0,0.0,0.0,0.0,1.0
45,,546.0,0.0,0.0,0.0,0.0,0.0,0.0,0.0,0.0,1.0
46,,524.0,0.0,0.0,0.0,0.0,0.0,0.0,0.0,0.0,1.0
47,,465.0,0.0,0.0,0.0,0.0,0.0,0.0,0.0,0.0,1.0
48,,427.0,0.0,0.0,0.0,0.0,0.0,0.0,0.0,0.0,1.0
49,,427.0,0.0,0.0,0.0,0.0,0.0,0.0,0.0,0.0,1.0
50,,427.0,0.0,0.0,0.0,0.0,0.0,0.0,0.0,0.0,1.0
51,,427.0,0.0,0.0,0.0,0.0,0.0,0.0,0.0,0.0,1.0
52,,419.0,0.0,0.0,0.0,0.0,0.0,0.0,0.0,0.0,1.0
53,,396.0,0.0,0.0,0.0,0.0,0.0,0.0,0.0,0.0,1.0
54,,376.0,0.0,0.0,0.0,0.0,0.0,0.0,0.0,0.0,1.0
55,,355.0,0.0,0.0,0.0,0.0,0.0,0.0,0.0,0.0,1.0
56,,334.0,0.0,0.0,0.0,0.0,0.0,0.0,0.0,0.0,1.0
57,,314.0,0.0,0.0,0.0,0.0,0.0,0.0,0.0,0.0,1.0
58,,293.0,0.0,0.0,0.0,0.0,0.0,0.0,0.0,0.0,1.0
59,,272.0,0.0,0.0,0.0,0.0,0.0,0.0,0.0,0.0,1.0
60,,251.0,0.0,0.0,0.0,0.0,0.0,0.0,0.0,0.0,1.0
61,,230.0,0.0,0.0,0.0,0.0,0.0,0.0,0.0,0.0,1.0
62,,210.0,0.0,0.0,0.0,0.0,0.0,0.0,0.0,0.0,1.0
63,,190.0,0.0,0.0,0.0,0.0,0.0,0.0,0.0,0.0,1.0
64,,170.0,0.0,0.0,0.0,0.0,0.0,0.0,0.0,0.0,1.0
65,,149.0,0.0,0.0,0.0,0.0,0.0,0.0,0.0,0.0,1.0
66,,129.0,0.0,0.0,0.0,0.0,0.0,0.0,0.0,0.0,1.0
67,,108.0,0.0,0.0,0.0,0.0,0.0,0.0,0.0,0.0,1.0
68,,88.0,0.0,0.0,0.0,0.0,0.0,0.0,0.0,0.0,1.0
69,,68.0,0.0,0.0,0.0,0.0,0.0,0.0,0.0,0.0,1.0
70,,47.0,0.0,0.0,0.0,0.0,0.0,0.0,0.0,0.0,1.0
71,,27.0,0.0,0.0,0.0,0.0,0.0,0.0,0.0,0.0,1.0
72,,7.0,0.0,0.0,0.0,0.0,0.0,0.0,0.0,0.0,1.0
73,,787.0,0.0,0.0,0.0,0.0,0.0,0.0,0.0,0.0,1.0
74,,767.0,0.0,0.0,0.0,0.0,0.0,0.0,0.0,0.0,1.0
75,,746.0,0.0,0.0,0.0,0.0,0.0,0.0,0.0,0.0,1.0
76,,726.0,0.0,0.0,0.0,0.0,0.0,0.0,0.0,0.0,1.0
77,,706.0,0.0,0.0,0.0,0.0,0.0,0.0,0.0,0.0,1.0
78,,686.0,0.0,0.0,0.0,0.0,0.0,0.0,0.0,0.0,1.0
79,,666.0,0.0,0.0,0.0,0.0,0.0,0.0,0.0,0.0,1.0
80,,646.0,0.0,0.0,0.0,0.0,0.0,0.0,0.0,0.0,1.0
81,,627.0,0.0,0.0,0.0,0.0,0.0,0.0,0.0,0.0,1.0
82,,608.0,0.0,0.0,0.0,0.0,0.0,0.0,0.0,0.0,1.0
83,,588.0,0.0,0.0,0.0,0.0,0.0,0.0,0.0,0.0,1.0
84,,567.0,0.0,0.0,0.0,0.0,0.0,0.0,0.0,0.0,1.0
85,,540.0,0.0,0.0,0.0,0.0,0.0,0.0,0.0,0.0,1.0
86,,507.0,0.0,0.0,0.0,0.0,0.0,0.0,0.0,0.0,1.0
87,,475.0,0.0,0.0,0.0,0.0,0.0,0.0,0.0,0.0,1.0
88,,446.0,0.0,0.0,0.0,0.0,0.0,0.0,0.0,0.0,1.0
89,,420.0,0.0,0.0,0.0,0.0,0.0,0.0,0.0,0.0,1.0
90,,396.0,0.0,0.0,0.0,0.0,0.0,0.0,0.0,0.0,1.0
91,,375.0,0.0,0.0,0.0,0.0,0.0,0.0,0.0,0.0,1.0
92,,354.0,0.0,0.0,0.0,0.0,0.0,0.0,0.0,0.0,1.0
93,,335.0,0.0,0.0,0.0,0.0,0.0,0.0,0.0,0.0,1.0
94,,316.0,0.0,0.0,0.0,0.0,0.0,0.0,0.0,0.0,1.0
95,,297.0,0.0,0.0,0.0,0.0,0.0,0.0,0.0,0.0,1.0
96,,277.0,0.0,0.0,0.0,0.0,0.0,0.0,0.0,0.0,1.0
97,,257.0,0.0,0.0,0.0,0.0,0.0,0.0,0.0,0.0,1.0
98,,234.0,0.0,0.0,0.0,0.0,0.0,0.0,0.0,0.0,1.0
99,,203.0,0.0,0.0,0.0,0.0,0.0,0.0,0.0,0.0,1.0
100,,160.0,0.0,0.0,0.0,0.0,0.0,0.0,0.0,0.0,1.0
101,,119.0,0.0,0.0,0.0,0.0,0.0,0.0,0.0,0.0,1.0
102,,87.0,0.0,0.0,0.0,0.0,0.0,0.0,0.0,0.0,1.0
103,,56.0,0.0,0.0,0.0,0.0,0.0,0.0,0.0,0.0,1.0
104,,31.0,0.0,0.0,0.0,0.0,0.0,0.0,0.0,0.0,1.0
105,,8.0,0.0,0.0,0.0,0.0,0.0,0.0,0.0,0.0,1.0
106,,785.0,0.0,0.0,0.0,0.0,0.0,0.0,0.0,0.0,1.0
107,,762.0,0.0,0.0,0.0,0.0,0.0,0.0,0.0,0.0,1.0
108,,739.0,0.0,0.0,0.0,0.0,0.0,0.0,0.0,0.0,1.0
109,,716.0,0.0,0.0,0.0,0.0,0.0,0.0,0.0,0.0,1.0
110,,694.0,0.0,0.0,0.0,0.0,0.0,0.0,0.0,0.0,1.0
111,,672.0,0.0,0.0,0.0,0.0,0.0,0.0,0.0,0.0,1.0
112,,651.0,0.0,0.0,0.0,0.0,0.0,0.0,0.0,0.0,1.0
113,,628.0,0.0,0.0,0.0,0.0,0.0,0.0,0.0,0.0,1.0
114,,595.0,0.0,0.0,0.0,0.0,0.0,0.0,0.0,0.0,1.0
115,,557.0,0.0,0.0,0.0,0.0,0.0,0.0,0.0,0.0,1.0
116,,522.0,0.0,0.0,0.0,0.0,0.0,0.0,0.0,0.0,1.0
117,,492.0,0.0,0.0,0.0,0.0,0.0,0.0,0.0,0.0,1.0
118,,454.0,0.0,0.0,0.0,0.0,0.0,0.0,0.0,0.0,1.0
119,,411.0,0.0,0.0,0.0,0.0,0.0,0.0,0.0,0.0,1.0
120,,371.0,0.0,0.0,0.0,0.0,0.0,0.0,0.0,0.0,1.0
121,,332.0,0.0,0.0,0.0,0.0,0.0,0.0,0.0,0.0,1.0
122,,291.0,0.0,0.0,0.0,0.0,0.0,0.0,0.0,0.0,1.0
123,,258.0,0.0,0.0,0.0,0.0,0.0,0.0,0.0,0.0,1.0
124,,227.0,0.0,0.0,0.0,0.0,0.0,0.0,0.0,0.0,1.0
125,,192.0,0.0,0.0,0.0,0.0,0.0,0.0,0.0,0.0,1.0
126,,157.0,0.0,0.0,0.0,0.0,0.0,0.0,0.0,0.0,1.0
127,,126.0,0.0,0.0,0.0,0.0,0.0,0.0,0.0,0.0,1.0
128,,84.0,0.0,0.0,0.0,0.0,0.0,0.0,0.0,0.0,1.0
129,,38.0,0.0,0.0,0.0,0.0,0.0,0.0,0.0,0.0,1.0
130,,796.0,0.0,0.0,0.0,0.0,0.0,0.0,0.0,0.0,0.0
131,,756.0,0.0,0.0,0.0,0.0,0.0,0.0,0.0,0.0,0.0
132,,713.0,0.0,0.0,0.0,0.0,0.0,0.0,0.0,0.0,0.0
133,,670.0,0.0,0.0,0.0,0.0,0.0,0.0,0.0,0.0,0.0
134,,636.0,0.0,0.0,0.0,0.0,0.0,0.0,0.0,0.0,0.0
135,,601.0,0.0,0.0,0.0,0.0,0.0,0.0,0.0,0.0,0.0
136,,562.0,0.0,0.0,0.0,0.0,0.0,0.0,0.0,0.0,0.0
137,,518.0,0.0,0.0,0.0,0.0,0.0,0.0,0.0,0.0,0.0
138,,472.0,0.0,0.0,0.0,0.0,0.0,0.0,0.0,0.0,0.0
139,,426.0,0.0,0.0,0.0,0.0,0.0,0.0,0.0,0.0,0.0
140,,378.0,0.0,0.0,0.0,0.0,0.0,0.0,0.0,0.0,0.0
141,,329.0,0.0,0.0,0.0,0.0,0.0,0.0,0.0,0.0,0.0
142,,279.0,0.0,0.0,0.0,0.0,0.0,0.0,0.0,0.0,0.0
143,,225.0,0.0,0.0,0.0,0.0,0.0,0.0,0.0,0.0,0.0
144,,174.0,0.0,0.0,0.0,0.0,0.0,0.0,0.0,0.0,0.0
145,,119.0,0.0,0.0,0.0,0.0,0.0,0.0,0.0,0.0,0.0
146,,65.0,0.0,0.0,0.0,0.0,0.0,0.0,0.0,0.0,0.0
147,,21.0,0.0,0.0,0.0,0.0,0.0,0.0,0.0,0.0,0.0
148,,787.0,0.0,0.0,0.0,0.0,0.0,0.0,0.0,0.0,0.0
149,,752.0,0.0,0.0,0.0,0.0,0.0,0.0,0.0,0.0,0.0
150,,719.0,0.0,0.0,0.0,0.0,0.0,0.0,0.0,0.0,0.0
151,,688.0,0.0,0.0,0.0,0.0,0.0,0.0,0.0,0.0,0.0
152,,661.0,0.0,0.0,0.0,0.0,0.0,0.0,0.0,0.0,0.0
153,,661.0,0.0,0.0,0.0,0.0,0.0,0.0,0.0,0.0,0.0
154,,661.0,0.0,0.0,0.0,0.0,0.0,0.0,0.0,0.0,0.0
155,,631.0,0.0,0.0,0.0,0.0,0.0,0.0,0.0,0.0,0.0
156,,598.0,0.0,0.0,0.0,0.0,0.0,0.0,0.0,0.0,0.0
157,,579.0,0.0,0.0,0.0,0.0,0.0,0.0,0.0,0.0,0.0
158,,555.0,0.0,0.0,0.0,0.0,0.0,0.0,0.0,0.0,0.0
159,,550.0,0.0,0.0,0.0,0.0,0.0,0.0,0.0,0.0,0.0
160,,522.0,0.0,0.0,0.0,0.0,0.0,0.0,0.0,0.0,0.0
161,,492.0,0.0,0.0,0.0,0.0,0.0,0.0,0.0,0.0,0.0
162,,465.0,0.0,0.0,0.0,0.0,0.0,0.0,0.0,0.0,0.0
163,,437.0,0.0,0.0,0.0,0.0,0.0,0.0,0.0,0.0,0.0
164,,410.0,0.0,0.0,0.0,0.0,0.0,0.0,0.0,0.0,0.0
165,,384.0,0.0,0.0,0.0,0.0,0.0,0.0,0.0,0.0,0.0
166,,356.0,0.0,0.0,0.0,0.0,0.0,0.0,0.0,0.0,0.0
167,,329.0,0.0,0.0,0.0,0.0,0.0,0.0,0.0,0.0,0.0
168,,303.0,0.0,0.0,0.0,0.0,0.0,0.0,0.0,0.0,0.0
169,,277.0,0.0,0.0,0.0,0.0,0.0,0.0,0.0,0.0,0.0
170,,253.0,0.0,0.0,0.0,0.0,0.0,0.0,0.0,0.0,0.0
171,,231.0,0.0,0.0,0.0,0.0,0.0,0.0,0.0,0.0,0.0
172,,208.0,0.0,0.0,0.0,0.0,0.0,0.0,0.0,0.0,0.0
173,,186.0,0.0,0.0,0.0,0.0,0.0,0.0,0.0,0.0,0.0
174,,165.0,0.0,0.0,0.0,0.0,0.0,0.0,0.0,0.0,0.0
175,,145.0,0.0,0.0,0.0,0.0,0.0,0.0,0.0,0.0,0.0
176,,125.0,0.0,0.0,0.0,0.0,0.0,0.0,0.0,0.0,0.0
177,,105.0,0.0,0.0,0.0,0.0,0.0,0.0,0.0,0.0,0.0
178,,85.0,0.0,0.0,0.0,0.0,0.0,0.0,0.0,0.0,0.0
179,,65.0,0.0,0.0,0.0,0.0,0.0,0.0,0.0,0.0,0.0
180,,44.0,0.0,0.0,0.0,0.0,0.0,0.0,0.0,0.0,0.0
181,,23.0,0.0,0.0,0.0,0.0,0.0,0.0,0.0,0.0,0.0
182,,796.0,0.0,0.0,0.0,0.0,0.0,0.0,0.0,0.0,0.0
183,,770.0,0.0,0.0,0.0,0.0,0.0,0.0,0.0,0.0,0.0
184,,750.0,0.0,0.0,0.0,0.0,0.0,0.0,0.0,0.0,0.0
185,,730.0,0.0,0.0,0.0,0.0,0.0,0.0,0.0,0.0,0.0
186,,697.0,0.0,0.0,0.0,0.0,0.0,0.0,0.0,0.0,0.0
187,,666.0,0.0,0.0,0.0,0.0,0.0,0.0,0.0,0.0,0.0
188,,635.0,0.0,0.0,0.0,0.0,0.0,0.0,0.0,0.0,0.0
189,,597.0,0.0,0.0,0.0,0.0,0.0,0.0,0.0,0.0,0.0
190,,548.0,0.0,0.0,0.0,0.0,0.0,0.0,0.0,0.0,0.0
191,,495.0,0.0,0.0,0.0,0.0,0.0,0.0,0.0,0.0,0.0
192,,453.0,0.0,0.0,0.0,0.0,0.0,0.0,0.0,0.0,0.0
193,,420.0,0.0,0.0,0.0,0.0,0.0,0.0,0.0,0.0,0.0
194,,380.0,0.0,0.0,0.0,0.0,0.0,0.0,0.0,0.0,0.0
195,,337.0,0.0,0.0,0.0,0.0,0.0,0.0,0.0,0.0,0.0
196,,296.0,0.0,0.0,0.0,0.0,0.0,0.0,0.0,0.0,0.0
197,,245.0,0.0,0.0,0.0,0.0,0.0,0.0,0.0,0.0,0.0
198,,187.0,0.0,0.0,0.0,0.0,0.0,0.0,0.0,0.0,0.0
199,,122.0,0.0,0.0,0.0,0.0,0.0,0.0,0.0,0.0,0.0
200,,50.0,0.0,0.0,0.0,0.0,0.0,0.0,0.0,0.0,0.0
201,,774.0,0.0,0.0,0.0,0.0,0.0,0.0,0.0,0.0,0.0
202,,692.0,0.0,0.0,0.0,0.0,0.0,0.0,0.0,0.0,0.0
203,,602.0,0.0,0.0,0.0,0.0,0.0,0.0,0.0,0.0,0.0
204,,505.0,0.0,0.0,0.0,0.0,0.0,0.0,0.0,0.0,0.0
205,,413.0,0.0,0.0,0.0,0.0,0.0,0.0,0.0,0.0,0.0
206,,344.0,0.0,0.0,0.0,0.0,0.0,0.0,0.0,0.0,0.0
207,,276.0,0.0,0.0,0.0,0.0,0.0,0.0,0.0,0.0,0.0
208,,204.0,0.0,0.0,0.0,0.0,0.0,0.0,0.0,0.0,0.0
209,,133.0,0.0,0.0,0.0,0.0,0.0,0.0,0.0,0.0,0.0
210,,62.0,0.0,0.0,0.0,0.0,0.0,0.0,0.0,0.0,0.0
211,,792.0,0.0,0.0,0.0,0.0,0.0,0.0,0.0,0.0,0.0
212,,720.0,0.0,0.0,0.0,0.0,0.0,0.0,0.0,0.0,0.0
213,,652.0,0.0,0.0,0.0,0.0,0.0,0.0,0.0,0.0,0.0
214,,581.0,0.0,0.0,0.0,0.0,0.0,0.0,0.0,0.0,0.0
215,,508.0,0.0,0.0,0.0,0.0,0.0,0.0,0.0,0.0,0.0
216,,431.0,0.0,0.0,0.0,0.0,0.0,0.0,0.0,0.0,0.0
217,,351.0,0.0,0.0,0.0,0.0,0.0,0.0,0.0,0.0,0.0
218,,271.0,0.0,0.0,0.0,0.0,0.0,0.0,0.0,0.0,0.0
219,,217.0,0.0,0.0,0.0,0.0,0.0,0.0,0.0,0.0,0.0
220,,161.0,0.0,0.0,0.0,0.0,0.0,0.0,0.0,0.0,0.0
221,,103.0,0.0,0.0,0.0,0.0,0.0,0.0,0.0,0.0,0.0
222,,47.0,0.0,0.0,0.0,0.0,0.0,0.0,0.0,0.0,0.0
223,,792.0,0.0,0.0,0.0,0.0,0.0,0.0,0.0,0.0,0.0
224,,738.0,0.0,0.0,0.0,0.0,0.0,0.0,0.0,0.0,0.0
225,,685.0,0.0,0.0,0.0,0.0,0.0,0.0,0.0,0.0,0.0
226,,630.0,0.0,0.0,0.0,0.0,0.0,0.0,0.0,0.0,0.0
227,,576.0,0.0,0.0,0.0,0.0,0.0,0.0,0.0,0.0,0.0
228,,521.0,0.0,0.0,0.0,0.0,0.0,0.0,0.0,0.0,0.0
229,,465.0,0.0,0.0,0.0,0.0,0.0,0.0,0.0,0.0,0.0
230,,409.0,0.0,0.0,0.0,0.0,0.0,0.0,0.0,0.0,0.0
231,,351.0,0.0,0.0,0.0,0.0,0.0,0.0,0.0,0.0,0.0
232,,293.0,0.0,0.0,0.0,0.0,0.0,0.0,0.0,0.0,0.0
233,,242.0,0.0,0.0,0.0,0.0,0.0,0.0,0.0,0.0,0.0
234,,195.0,0.0,0.0,0.0,0.0,0.0,0.0,0.0,0.0,0.0
235,,149.0,0.0,0.0,0.0,0.0,0.0,0.0,0.0,0.0,0.0
236,,102.0,0.0,0.0,0.0,0.0,0.0,0.0,0.0,0.0,0.0
237,,60.0,0.0,0.0,0.0,0.0,0.0,0.0,0.0,0.0,0.0
238,,18.0,0.0,0.0,0.0,0.0,0.0,0.0,0.0,0.0,0.0
239,,777.0,0.0,0.0,0.0,0.0,0.0,0.0,0.0,0.0,0.0
240,,736.0,0.0,0.0,0.0,0.0,0.0,0.0,0.0,0.0,0.0
241,,695.0,0.0,0.0,0.0,0.0,0.0,0.0,0.0,0.0,0.0
242,,654.0,0.0,0.0,0.0,0.0,0.0,0.0,0.0,0.0,0.0
243,,630.0,0.0,0.0,0.0,0.0,0.0,0.0,0.0,0.0,0.0
244,,630.0,0.0,0.0,0.0,0.0,0.0,0.0,0.0,0.0,0.0
245,,630.0,0.0,0.0,0.0,0.0,0.0,0.0,0.0,0.0,0.0
246,,630.0,0.0,0.0,0.0,0.0,0.0,0.0,0.0,0.0,0.0
247,,630.0,0.0,0.0,0.0,0.0,0.0,0.0,0.0,0.0,0.0
248,,630.0,0.0,0.0,0.0,0.0,0.0,0.0,0.0,0.0,0.0
249,,630.0,0.0,0.0,0.0,0.0,0.0,0.0,0.0,0.0,0.0
250,,630.0,0.0,0.0,0.0,0.0,0.0,0.0,0.0,0.0,0.0
251,,630.0,0.0,0.0,0.0,0.0,0.0,0.0,0.0,0.0,0.0
252,,630.0,0.0,0.0,0.0,0.0,0.0,0.0,0.0,0.0,0.0
253,,630.0,0.0,0.0,0.0,0.0,0.0,0.0,0.0,0.0,0.0
254,,630.0,0.0,0.0,0.0,0.0,0.0,0.0,0.0,0.0,0.0
255,,630.0,0.0,0.0,0.0,0.0,0.0,0.0,0.0,0.0,0.0
256,,630.0,0.0,0.0,0.0,0.0,0.0,0.0,0.0,0.0,0.0
257,,630.0,0.0,0.0,0.0,0.0,0.0,0.0,0.0,0.0,0.0
258,,630.0,0.0,0.0,0.0,0.0,0.0,0.0,0.0,0.0,0.0
259,,630.0,0.0,0.0,0.0,0.0,0.0,0.0,0.0,0.0,0.0
260,,624.0,0.0,0.0,0.0,0.0,0.0,0.0,0.0,0.0,0.0
261,,594.0,0.0,0.0,0.0,0.0,0.0,0.0,0.0,0.0,0.0
262,,559.0,0.0,0.0,0.0,0.0,0.0,0.0,0.0,0.0,0.0
263,,541.0,0.0,0.0,0.0,0.0,0.0,0.0,0.0,0.0,0.0
264,,533.0,0.0,0.0,0.0,0.0,0.0,0.0,0.0,0.0,0.0
265,,505.0,0.0,0.0,0.0,0.0,0.0,0.0,0.0,0.0,0.0
266,,462.0,0.0,0.0,0.0,0.0,0.0,0.0,0.0,0.0,0.0
267,,406.0,0.0,0.0,0.0,0.0,0.0,0.0,0.0,0.0,0.0
268,,346.0,0.0,0.0,0.0,0.0,0.0,0.0,0.0,0.0,0.0
269,,284.0,0.0,0.0,0.0,0.0,0.0,0.0,0.0,0.0,0.0
270,,220.0,0.0,0.0,0.0,0.0,0.0,0.0,0.0,0.0,0.0
271,,156.0,0.0,0.0,0.0,0.0,0.0,0.0,0.0,0.0,0.0
272,,101.0,0.0,0.0,0.0,0.0,0.0,0.0,0.0,0.0,0.0
273,,47.0,0.0,0.0,0.0,0.0,0.0,0.0,0.0,0.0,0.0
274,,792.0,0.0,0.0,0.0,0.0,0.0,0.0,0.0,0.0,0.0
275,,739.0,0.0,0.0,0.0,0.0,0.0,0.0,0.0,0.0,0.0
276,,690.0,0.0,0.0,0.0,0.0,0.0,0.0,0.0,0.0,0.0
277,,643.0,0.0,0.0,0.0,0.0,0.0,0.0,0.0,0.0,0.0
278,,599.0,0.0,0.0,0.0,0.0,0.0,0.0,0.0,0.0,0.0
279,,574.0,0.0,0.0,0.0,0.0,0.0,0.0,0.0,0.0,0.0
280,,530.0,0.0,0.0,0.0,0.0,0.0,0.0,0.0,0.0,0.0
281,,487.0,0.0,0.0,0.0,0.0,0.0,0.0,0.0,0.0,0.0
282,,445.0,0.0,0.0,0.0,0.0,0.0,0.0,0.0,0.0,0.0
283,,402.0,0.0,0.0,0.0,0.0,0.0,0.0,0.0,0.0,0.0
284,,359.0,0.0,0.0,0.0,0.0,0.0,0.0,0.0,0.0,0.0
285,,315.0,0.0,0.0,0.0,0.0,0.0,0.0,0.0,0.0,0.0
286,,271.0,0.0,0.0,0.0,0.0,0.0,0.0,0.0,0.0,0.0
287,,236.0,0.0,0.0,0.0,0.0,0.0,0.0,0.0,0.0,0.0
288,,236.0,0.0,0.0,0.0,0.0,0.0,0.0,0.0,0.0,0.0
289,,236.0,0.0,0.0,0.0,0.0,0.0,0.0,0.0,0.0,0.0
290,,236.0,0.0,0.0,0.0,0.0,0.0,0.0,0.0,0.0,0.0
291,,190.0,0.0,0.0,0.0,0.0,0.0,0.0,0.0,0.0,0.0
292,,144.0,0.0,0.0,0.0,0.0,0.0,0.0,0.0,0.0,0.0
293,,101.0,0.0,0.0,0.0,0.0,0.0,0.0,0.0,0.0,0.0
294,,56.0,0.0,0.0,0.0,0.0,0.0,0.0,0.0,0.0,0.0
295,,13.0,0.0,0.0,0.0,0.0,0.0,0.0,0.0,0.0,0.0
296,,769.0,0.0,0.0,0.0,0.0,0.0,0.0,0.0,0.0,0.0
297,,767.0,0.0,0.0,0.0,0.0,0.0,0.0,0.0,0.0,0.0
298,,753.0,0.0,0.0,0.0,0.0,0.0,0.0,0.0,0.0,0.0
299,,726.0,0.0,0.0,0.0,0.0,0.0,0.0,0.0,0.0,0.0
300,,709.0,0.0,0.0,0.0,0.0,0.0,0.0,0.0,0.0,0.0
301,,700.0,0.0,0.0,0.0,0.0,0.0,0.0,0.0,0.0,0.0
302,,657.0,0.0,0.0,0.0,0.0,0.0,0.0,0.0,0.0,0.0
303,,615.0,0.0,0.0,0.0,0.0,0.0,0.0,0.0,0.0,0.0
304,,572.0,0.0,0.0,0.0,0.0,0.0,0.0,0.0,0.0,0.0
305,,530.0,0.0,0.0,0.0,0.0,0.0,0.0,0.0,0.0,0.0
306,,486.0,0.0,0.0,0.0,0.0,0.0,0.0,0.0,0.0,0.0
307,,442.0,0.0,0.0,0.0,0.0,0.0,0.0,0.0,0.0,0.0
308,,399.0,0.0,0.0,0.0,0.0,0.0,0.0,0.0,0.0,0.0
309,,353.0,0.0,0.0,0.0,0.0,0.0,0.0,0.0,0.0,0.0
310,,308.0,0.0,0.0,0.0,0.0,0.0,0.0,0.0,0.0,0.0
311,,265.0,0.0,0.0,0.0,0.0,0.0,0.0,0.0,0.0,0.0
312,,222.0,0.0,0.0,0.0,0.0,0.0,0.0,0.0,0.0,0.0
313,,178.0,0.0,0.0,0.0,0.0,0.0,0.0,0.0,0.0,0.0
314,,133.0,0.0,0.0,0.0,0.0,0.0,0.0,0.0,0.0,0.0
315,,88.0,0.0,0.0,0.0,0.0,0.0,0.0,0.0,0.0,0.0
316,,44.0,0.0,0.0,0.0,0.0,0.0,0.0,0.0,0.0,0.0
317,,1.0,0.0,0.0,0.0,0.0,0.0,0.0,0.0,0.0,0.0
318,,758.0,0.0,0.0,0.0,0.0,0.0,0.0,0.0,0.0,0.0
319,,715.0,0.0,0.0,0.0,0.0,0.0,0.0,0.0,0.0,0.0
320,,673.0,0.0,0.0,0.0,0.0,0.0,0.0,0.0,0.0,0.0
321,,630.0,0.0,0.0,0.0,0.0,0.0,0.0,0.0,0.0,0.0
322,,587.0,0.0,0.0,0.0,0.0,0.0,0.0,0.0,0.0,0.0
323,,544.0,0.0,0.0,0.0,0.0,0.0,0.0,0.0,0.0,0.0
324,,535.0,0.0,0.0,0.0,0.0,0.0,0.0,0.0,0.0,0.0
325,,535.0,0.0,0.0,0.0,0.0,0.0,0.0,0.0,0.0,0.0
326,,535.0,0.0,0.0,0.0,0.0,0.0,0.0,0.0,0.0,0.0
327,,535.0,0.0,0.0,0.0,0.0,0.0,0.0,0.0,0.0,0.0
328,,535.0,0.0,0.0,0.0,0.0,0.0,0.0,0.0,0.0,0.0
329,,535.0,0.0,0.0,0.0,0.0,0.0,0.0,0.0,0.0,0.0
330,,535.0,0.0,0.0,0.0,0.0,0.0,0.0,0.0,0.0,0.0
331,,535.0,0.0,0.0,0.0,0.0,0.0,0.0,0.0,0.0,0.0
332,,535.0,0.0,0.0,0.0,0.0,0.0,0.0,0.0,0.0,0.0
333,,535.0,0.0,0.0,0.0,0.0,0.0,0.0,0.0,0.0,0.0
334,,535.0,0.0,0.0,0.0,0.0,0.0,0.0,0.0,0.0,0.0
335,,535.0,0.0,0.0,0.0,0.0,0.0,0.0,0.0,0.0,0.0
336,,535.0,0.0,0.0,0.0,0.0,0.0,0.0,0.0,0.0,0.0
337,,535.0,0.0,0.0,0.0,0.0,0.0,0.0,0.0,0.0,0.0
338,,535.0,0.0,0.0,0.0,0.0,0.0,0.0,0.0,0.0,0.0
339,,535.0,0.0,0.0,0.0,0.0,0.0,0.0,0.0,0.0,0.0
340,,535.0,0.0,0.0,0.0,0.0,0.0,0.0,0.0,0.0,0.0
341,,535.0,0.0,0.0,0.0,0.0,0.0,0.0,0.0,0.0,0.0
342,,511.0,0.0,0.0,0.0,0.0,0.0,0.0,0.0,0.0,0.0
343,,485.0,0.0,0.0,0.0,0.0,0.0,0.0,0.0,0.0,0.0
344,,460.0,0.0,0.0,0.0,0.0,0.0,0.0,0.0,0.0,0.0
345,,437.0,0.0,0.0,0.0,0.0,0.0,0.0,0.0,0.0,0.0
346,,414.0,0.0,0.0,0.0,0.0,0.0,0.0,0.0,0.0,0.0
347,,390.0,0.0,0.0,0.0,0.0,0.0,0.0,0.0,0.0,0.0
348,,366.0,0.0,0.0,0.0,0.0,0.0,0.0,0.0,0.0,0.0
349,,338.0,0.0,0.0,0.0,0.0,0.0,0.0,0.0,0.0,0.0
350,,310.0,0.0,0.0,0.0,0.0,0.0,0.0,0.0,0.0,0.0
351,,283.0,0.0,0.0,0.0,0.0,0.0,0.0,0.0,0.0,0.0
352,,259.0,0.0,0.0,0.0,0.0,0.0,0.0,0.0,0.0,0.0
353,,235.0,0.0,0.0,0.0,0.0,0.0,0.0,0.0,0.0,0.0
354,,202.0,0.0,0.0,0.0,0.0,0.0,0.0,0.0,0.0,0.0
355,,166.0,0.0,0.0,0.0,0.0,0.0,0.0,0.0,0.0,0.0
356,,125.0,0.0,0.0,0.0,0.0,0.0,0.0,0.0,0.0,0.0
357,,83.0,0.0,0.0,0.0,0.0,0.0,0.0,0.0,0.0,0.0
358,,43.0,0.0,0.0,0.0,0.0,0.0,0.0,0.0,0.0,0.0
359,,798.0,0.0,0.0,0.0,0.0,0.0,0.0,0.0,0.0,0.0
360,,743.0,0.0,0.0,0.0,0.0,0.0,0.0,0.0,0.0,0.0
361,,679.0,0.0,0.0,0.0,0.0,0.0,0.0,0.0,0.0,0.0
362,,606.0,0.0,0.0,0.0,0.0,0.0,0.0,0.0,0.0,0.0
363,,526.0,0.0,0.0,0.0,0.0,0.0,0.0,0.0,0.0,0.0
364,,436.0,0.0,0.0,0.0,0.0,0.0,0.0,0.0,0.0,0.0
365,,336.0,0.0,0.0,0.0,0.0,0.0,0.0,0.0,0.0,0.0
366,,226.0,0.0,0.0,0.0,0.0,0.0,0.0,0.0,0.0,0.0
367,,103.0,0.0,0.0,0.0,0.0,0.0,0.0,0.0,0.0,0.0
368,,773.0,0.0,0.0,0.0,0.0,0.0,0.0,0.0,0.0,0.0
369,,632.0,0.0,0.0,0.0,0.0,0.0,0.0,0.0,0.0,0.0
370,,499.0,0.0,0.0,0.0,0.0,0.0,0.0,0.0,0.0,0.0
371,,407.0,0.0,0.0,0.0,0.0,0.0,0.0,0.0,0.0,0.0
372,,315.0,0.0,0.0,0.0,0.0,0.0,0.0,0.0,0.0,0.0
373,,263.0,0.0,0.0,0.0,0.0,0.0,0.0,0.0,0.0,0.0
374,,263.0,0.0,0.0,0.0,0.0,0.0,0.0,0.0,0.0,0.0
375,,263.0,0.0,0.0,0.0,0.0,0.0,0.0,0.0,0.0,0.0
376,,263.0,0.0,0.0,0.0,0.0,0.0,0.0,0.0,0.0,0.0
377,,263.0,0.0,0.0,0.0,0.0,0.0,0.0,0.0,0.0,0.0
378,,263.0,0.0,0.0,0.0,0.0,0.0,0.0,0.0,0.0,0.0
379,,263.0,0.0,0.0,0.0,0.0,0.0,0.0,0.0,0.0,0.0
380,,263.0,0.0,0.0,0.0,0.0,0.0,0.0,0.0,0.0,0.0
381,,229.0,0.0,0.0,0.0,0.0,0.0,0.0,0.0,0.0,0.0
382,,184.0,0.0,0.0,0.0,0.0,0.0,0.0,0.0,0.0,0.0
383,,145.0,0.0,0.0,0.0,0.0,0.0,0.0,0.0,0.0,0.0
384,,106.0,0.0,0.0,0.0,0.0,0.0,0.0,0.0,0.0,0.0
385,,63.0,0.0,0.0,0.0,0.0,0.0,0.0,0.0,0.0,0.0
386,,23.0,0.0,0.0,0.0,0.0,0.0,0.0,0.0,0.0,0.0
387,,765.0,0.0,0.0,0.0,0.0,0.0,0.0,0.0,0.0,0.0
388,,722.0,0.0,0.0,0.0,0.0,0.0,0.0,0.0,0.0,0.0
389,,722.0,0.0,0.0,0.0,0.0,0.0,0.0,0.0,0.0,0.0
390,,722.0,0.0,0.0,0.0,0.0,0.0,0.0,0.0,0.0,0.0
391,,722.0,0.0,0.0,0.0,0.0,0.0,0.0,0.0,0.0,0.0
392,,722.0,0.0,0.0,0.0,0.0,0.0,0.0,0.0,0.0,0.0
393,,722.0,0.0,0.0,0.0,0.0,0.0,0.0,0.0,0.0,0.0
394,,722.0,0.0,0.0,0.0,0.0,0.0,0.0,0.0,0.0,0.0
395,,722.0,0.0,0.0,0.0,0.0,0.0,0.0,0.0,0.0,0.0
396,,722.0,0.0,0.0,0.0,0.0,0.0,0.0,0.0,0.0,0.0
397,,722.0,0.0,0.0,0.0,0.0,0.0,0.0,0.0,0.0,0.0
398,,722.0,0.0,0.0,0.0,0.0,0.0,0.0,0.0,0.0,0.0
399,,722.0,0.0,0.0,0.0,0.0,0.0,0.0,0.0,0.0,0.0
400,,722.0,0.0,0.0,0.0,0.0,0.0,0.0,0.0,0.0,0.0
401,,722.0,0.0,0.0,0.0,0.0,0.0,0.0,0.0,0.0,0.0
402,,717.0,0.0,0.0,0.0,0.0,0.0,0.0,0.0,0.0,0.0
403,,686.0,0.0,0.0,0.0,0.0,0.0,0.0,0.0,0.0,0.0
404,,648.0,0.0,0.0,0.0,0.0,0.0,0.0,0.0,0.0,0.0
405,,621.0,0.0,0.0,0.0,0.0,0.0,0.0,0.0,0.0,0.0
406,,621.0,0.0,0.0,0.0,0.0,0.0,0.0,0.0,0.0,0.0
407,,621.0,0.0,0.0,0.0,0.0,0.0,0.0,0.0,0.0,0.0
408,,612.0,0.0,0.0,0.0,0.0,0.0,0.0,0.0,0.0,0.0
409,,588.0,0.0,0.0,0.0,0.0,0.0,0.0,0.0,0.0,0.0
410,,565.0,0.0,0.0,0.0,0.0,0.0,0.0,0.0,0.0,0.0
411,,541.0,0.0,0.0,0.0,0.0,0.0,0.0,0.0,0.0,0.0
412,,516.0,0.0,0.0,0.0,0.0,0.0,0.0,0.0,0.0,0.0
413,,487.0,0.0,0.0,0.0,0.0,0.0,0.0,0.0,0.0,0.0
414,,462.0,0.0,0.0,0.0,0.0,0.0,0.0,0.0,0.0,0.0
415,,435.0,0.0,0.0,0.0,0.0,0.0,0.0,0.0,0.0,0.0
416,,392.0,0.0,0.0,0.0,0.0,0.0,0.0,0.0,0.0,0.0
417,,341.0,0.0,0.0,0.0,0.0,0.0,0.0,0.0,0.0,0.0
418,,289.0,0.0,0.0,0.0,0.0,0.0,0.0,0.0,0.0,0.0
419,,236.0,0.0,0.0,0.0,0.0,0.0,0.0,0.0,0.0,0.0
420,,183.0,0.0,0.0,0.0,0.0,0.0,0.0,0.0,0.0,0.0
421,,126.0,0.0,0.0,0.0,0.0,0.0,0.0,0.0,0.0,0.0
422,,65.0,0.0,0.0,0.0,0.0,0.0,0.0,0.0,0.0,0.0
423,,798.0,0.0,0.0,0.0,0.0,0.0,0.0,0.0,0.0,0.0
424,,724.0,0.0,0.0,0.0,0.0,0.0,0.0,0.0,0.0,0.0
425,,659.0,0.0,0.0,0.0,0.0,0.0,0.0,0.0,0.0,0.0
426,,597.0,0.0,0.0,0.0,0.0,0.0,0.0,0.0,0.0,0.0
427,,534.0,0.0,0.0,0.0,0.0,0.0,0.0,0.0,0.0,0.0
428,,468.0,0.0,0.0,0.0,0.0,0.0,0.0,0.0,0.0,0.0
429,,400.0,0.0,0.0,0.0,0.0,0.0,0.0,0.0,0.0,0.0
430,,333.0,0.0,0.0,0.0,0.0,0.0,0.0,0.0,0.0,0.0
431,,266.0,0.0,0.0,0.0,0.0,0.0,0.0,0.0,0.0,0.0
432,,199.0,0.0,0.0,0.0,0.0,0.0,0.0,0.0,0.0,0.0
433,,132.0,0.0,0.0,0.0,0.0,0.0,0.0,0.0,0.0,0.0
434,,67.0,0.0,0.0,0.0,0.0,0.0,0.0,0.0,0.0,0.0
435,,1.0,0.0,0.0,0.0,0.0,0.0,0.0,0.0,0.0,0.0
436,,735.0,0.0,0.0,0.0,0.0,0.0,0.0,0.0,0.0,0.0
437,,668.0,0.0,0.0,0.0,0.0,0.0,0.0,0.0,0.0,0.0
438,,595.0,0.0,0.0,0.0,0.0,0.0,0.0,0.0,0.0,0.0
439,,527.0,0.0,0.0,0.0,0.0,0.0,0.0,0.0,0.0,0.0
440,,477.0,0.0,0.0,0.0,0.0,0.0,0.0,0.0,0.0,0.0
441,,426.0,0.0,0.0,0.0,0.0,0.0,0.0,0.0,0.0,0.0
442,,374.0,0.0,0.0,0.0,0.0,0.0,0.0,0.0,0.0,0.0
443,,324.0,0.0,0.0,0.0,0.0,0.0,0.0,0.0,0.0,0.0
444,,279.0,0.0,0.0,0.0,0.0,0.0,0.0,0.0,0.0,0.0
445,,233.0,0.0,0.0,0.0,0.0,0.0,0.0,0.0,0.0,0.0
446,,188.0,0.0,0.0,0.0,0.0,0.0,0.0,0.0,0.0,0.0
447,,142.0,0.0,0.0,0.0,0.0,0.0,0.0,0.0,0.0,0.0
448,,95.0,0.0,0.0,0.0,0.0,0.0,0.0,0.0,0.0,0.0
449,,49.0,0.0,0.0,0.0,0.0,0.0,0.0,0.0,0.0,0.0
450,,1.0,0.0,0.0,0.0,0.0,0.0,0.0,0.0,0.0,0.0
451,,754.0,0.0,0.0,0.0,0.0,0.0,0.0,0.0,0.0,0.0
452,,706.0,0.0,0.0,0.0,0.0,0.0,0.0,0.0,0.0,0.0
453,,655.0,0.0,0.0,0.0,0.0,0.0,0.0,0.0,0.0,0.0
454,,607.0,0.0,0.0,0.0,0.0,0.0,0.0,0.0,0.0,0.0
455,,558.0,0.0,0.0,0.0,0.0,0.0,0.0,0.0,0.0,0.0
456,,509.0,0.0,0.0,0.0,0.0,0.0,0.0,0.0,0.0,0.0
457,,458.0,0.0,0.0,0.0,0.0,0.0,0.0,0.0,0.0,0.0
458,,408.0,0.0,0.0,0.0,0.0,0.0,0.0,0.0,0.0,0.0
459,,357.0,0.0,0.0,0.0,0.0,0.0,0.0,0.0,0.0,0.0
460,,305.0,0.0,0.0,0.0,0.0,0.0,0.0,0.0,0.0,0.0
461,,254.0,0.0,0.0,0.0,0.0,0.0,0.0,0.0,0.0,0.0
462,,202.0,0.0,0.0,0.0,0.0,0.0,0.0,0.0,0.0,0.0
463,,150.0,0.0,0.0,0.0,0.0,0.0,0.0,0.0,0.0,0.0
464,,128.0,0.0,0.0,0.0,0.0,0.0,0.0,0.0,0.0,0.0
465,,128.0,0.0,0.0,0.0,0.0,0.0,0.0,0.0,0.0,0.0
466,,106.0,0.0,0.0,0.0,0.0,0.0,0.0,0.0,0.0,0.0
467,,56.0,0.0,0.0,0.0,0.0,0.0,0.0,0.0,0.0,0.0
468,,12.0,0.0,0.0,0.0,0.0,0.0,0.0,0.0,0.0,0.0
469,,766.0,0.0,0.0,0.0,0.0,0.0,0.0,0.0,0.0,0.0
470,,724.0,0.0,0.0,0.0,0.0,0.0,0.0,0.0,0.0,0.0
471,,691.0,0.0,0.0,0.0,0.0,0.0,0.0,0.0,0.0,0.0
472,,691.0,0.0,0.0,0.0,0.0,0.0,0.0,0.0,0.0,0.0
473,,691.0,0.0,0.0,0.0,0.0,0.0,0.0,0.0,0.0,0.0
474,,691.0,0.0,0.0,0.0,0.0,0.0,0.0,0.0,0.0,0.0
475,,691.0,0.0,0.0,0.0,0.0,0.0,0.0,0.0,0.0,0.0
476,,691.0,0.0,0.0,0.0,0.0,0.0,0.0,0.0,0.0,0.0
477,,691.0,0.0,0.0,0.0,0.0,0.0,0.0,0.0,0.0,0.0
478,,691.0,0.0,0.0,0.0,0.0,0.0,0.0,0.0,0.0,0.0
479,,691.0,0.0,0.0,0.0,0.0,0.0,0.0,0.0,0.0,0.0
480,,691.0,0.0,0.0,0.0,0.0,0.0,0.0,0.0,0.0,0.0
481,,691.0,0.0,0.0,0.0,0.0,0.0,0.0,0.0,0.0,0.0
482,,673.0,0.0,0.0,0.0,0.0,0.0,0.0,0.0,0.0,0.0
483,,639.0,0.0,0.0,0.0,0.0,0.0,0.0,0.0,0.0,0.0
484,,600.0,0.0,0.0,0.0,0.0,0.0,0.0,0.0,0.0,0.0
485,,600.0,0.0,0.0,0.0,0.0,0.0,0.0,0.0,0.0,0.0
486,,575.0,0.0,0.0,0.0,0.0,0.0,0.0,0.0,0.0,0.0
487,,525.0,0.0,0.0,0.0,0.0,0.0,0.0,0.0,0.0,0.0
488,,471.0,0.0,0.0,0.0,0.0,0.0,0.0,0.0,0.0,0.0
489,,415.0,0.0,0.0,0.0,0.0,0.0,0.0,0.0,0.0,0.0
490,,358.0,0.0,0.0,0.0,0.0,0.0,0.0,0.0,0.0,0.0
491,,298.0,0.0,0.0,0.0,0.0,0.0,0.0,0.0,0.0,0.0
492,,236.0,0.0,0.0,0.0,0.0,0.0,0.0,0.0,0.0,0.0
493,,174.0,0.0,0.0,0.0,0.0,0.0,0.0,0.0,0.0,0.0
494,,111.0,0.0,0.0,0.0,0.0,0.0,0.0,0.0,0.0,0.0
495,,51.0,0.0,0.0,0.0,0.0,0.0,0.0,0.0,0.0,0.0
496,,791.0,0.0,0.0,0.0,0.0,0.0,0.0,0.0,0.0,0.0
497,,735.0,0.0,0.0,0.0,0.0,0.0,0.0,0.0,0.0,0.0
498,,688.0,0.0,0.0,0.0,0.0,0.0,0.0,0.0,0.0,0.0
499,,640.0,0.0,0.0,0.0,0.0,0.0,0.0,0.0,0.0,0.0
500,,590.0,0.0,0.0,0.0,0.0,0.0,0.0,0.0,0.0,0.0
501,,544.0,0.0,0.0,0.0,0.0,0.0,0.0,0.0,0.0,0.0
502,,500.0,0.0,0.0,0.0,0.0,0.0,0.0,0.0,0.0,0.0
503,,455.0,0.0,0.0,0.0,0.0,0.0,0.0,0.0,0.0,0.0
504,,411.0,0.0,0.0,0.0,0.0,0.0,0.0,0.0,0.0,0.0
505,,366.0,0.0,0.0,0.0,0.0,0.0,0.0,0.0,0.0,0.0
506,,320.0,0.0,0.0,0.0,0.0,0.0,0.0,0.0,0.0,0.0
507,,274.0,0.0,0.0,0.0,0.0,0.0,0.0,0.0,0.0,0.0
508,,227.0,0.0,0.0,0.0,0.0,0.0,0.0,0.0,0.0,0.0
509,,178.0,0.0,0.0,0.0,0.0,0.0,0.0,0.0,0.0,0.0
510,,130.0,0.0,0.0,0.0,0.0,0.0,0.0,0.0,0.0,0.0
511,,79.0,0.0,0.0,0.0,0.0,0.0,0.0,0.0,0.0,0.0
512,,29.0,0.0,0.0,0.0,0.0,0.0,0.0,0.0,0.0,0.0
513,,778.0,0.0,0.0,0.0,0.0,0.0,0.0,0.0,0.0,0.0
514,,725.0,0.0,0.0,0.0,0.0,0.0,0.0,0.0,0.0,0.0
515,,670.0,0.0,0.0,0.0,0.0,0.0,0.0,0.0,0.0,0.0
516,,616.0,0.0,0.0,0.0,0.0,0.0,0.0,0.0,0.0,0.0
517,,559.0,0.0,0.0,0.0,0.0,0.0,0.0,0.0,0.0,0.0
518,,502.0,0.0,0.0,0.0,0.0,0.0,0.0,0.0,0.0,0.0
519,,443.0,0.0,0.0,0.0,0.0,0.0,0.0,0.0,0.0,0.0
520,,386.0,0.0,0.0,0.0,0.0,0.0,0.0,0.0,0.0,0.0
521,,338.0,0.0,0.0,0.0,0.0,0.0,0.0,0.0,0.0,0.0
522,,293.0,0.0,0.0,0.0,0.0,0.0,0.0,0.0,0.0,0.0
523,,249.0,0.0,0.0,0.0,0.0,0.0,0.0,0.0,0.0,0.0
524,,204.0,0.0,0.0,0.0,0.0,0.0,0.0,0.0,0.0,0.0
525,,162.0,0.0,0.0,0.0,0.0,0.0,0.0,0.0,0.0,0.0
526,,118.0,0.0,0.0,0.0,0.0,0.0,0.0,0.0,0.0,0.0
527,,108.0,0.0,0.0,0.0,0.0,0.0,0.0,0.0,0.0,0.0
528,,108.0,0.0,0.0,0.0,0.0,0.0,0.0,0.0,0.0,0.0
529,,108.0,0.0,0.0,0.0,0.0,0.0,0.0,0.0,0.0,0.0
530,,108.0,0.0,0.0,0.0,0.0,0.0,0.0,0.0,0.0,0.0
531,,108.0,0.0,0.0,0.0,0.0,0.0,0.0,0.0,0.0,0.0
532,,108.0,0.0,0.0,0.0,0.0,0.0,0.0,0.0,0.0,0.0
533,,108.0,0.0,0.0,0.0,0.0,0.0,0.0,0.0,0.0,0.0
534,,108.0,0.0,0.0,0.0,0.0,0.0,0.0,0.0,0.0,0.0
535,,108.0,0.0,0.0,0.0,0.0,0.0,0.0,0.0,0.0,0.0
536,,108.0,0.0,0.0,0.0,0.0,0.0,0.0,0.0,0.0,0.0
537,,108.0,0.0,0.0,0.0,0.0,0.0,0.0,0.0,0.0,0.0
538,,108.0,0.0,0.0,0.0,0.0,0.0,0.0,0.0,0.0,0.0
539,,108.0,0.0,0.0,0.0,0.0,0.0,0.0,0.0,0.0,0.0
540,,108.0,0.0,0.0,0.0,0.0,0.0,0.0,0.0,0.0,0.0
541,,108.0,0.0,0.0,0.0,0.0,0.0,0.0,0.0,0.0,0.0
542,,108.0,0.0,0.0,0.0,0.0,0.0,0.0,0.0,0.0,0.0
543,,108.0,0.0,0.0,0.0,0.0,0.0,0.0,0.0,0.0,0.0
544,,108.0,0.0,0.0,0.0,0.0,0.0,0.0,0.0,0.0,0.0
545,,79.0,0.0,0.0,0.0,0.0,0.0,0.0,0.0,0.0,0.0
546,,40.0,0.0,0.0,0.0,0.0,0.0,0.0,0.0,0.0,0.0
547,,39.0,0.0,0.0,0.0,0.0,0.0,0.0,0.0,0.0,0.0
548,,39.0,0.0,0.0,0.0,0.0,0.0,0.0,0.0,0.0,0.0
549,,39.0,0.0,0.0,0.0,0.0,0.0,0.0,0.0,0.0,0.0
550,,39.0,0.0,0.0,0.0,0.0,0.0,0.0,0.0,0.0,0.0
551,,39.0,0.0,0.0,0.0,0.0,0.0,0.0,0.0,0.0,0.0
552,,39.0,0.0,0.0,0.0,0.0,0.0,0.0,0.0,0.0,0.0
553,,17.0,0.0,0.0,0.0,0.0,0.0,0.0,0.0,0.0,0.0
554,,792.0,0.0,0.0,0.0,0.0,0.0,0.0,0.0,0.0,0.0
555,,769.0,0.0,0.0,0.0,0.0,0.0,0.0,0.0,0.0,0.0
556,,745.0,0.0,0.0,0.0,0.0,0.0,0.0,0.0,0.0,0.0
557,,722.0,0.0,0.0,0.0,0.0,0.0,0.0,0.0,0.0,0.0
558,,697.0,0.0,0.0,0.0,0.0,0.0,0.0,0.0,0.0,0.0
559,,673.0,0.0,0.0,0.0,0.0,0.0,0.0,0.0,0.0,0.0
560,,645.0,0.0,0.0,0.0,0.0,0.0,0.0,0.0,0.0,0.0
561,,617.0,0.0,0.0,0.0,0.0,0.0,0.0,0.0,0.0,0.0
562,,590.0,0.0,0.0,0.0,0.0,0.0,0.0,0.0,0.0,0.0
563,,563.0,0.0,0.0,0.0,0.0,0.0,0.0,0.0,0.0,0.0
564,,537.0,0.0,0.0,0.0,0.0,0.0,0.0,0.0,0.0,0.0
565,,510.0,0.0,0.0,0.0,0.0,0.0,0.0,0.0,0.0,0.0
566,,482.0,0.0,0.0,0.0,0.0,0.0,0.0,0.0,0.0,0.0
567,,445.0,0.0,0.0,0.0,0.0,0.0,0.0,0.0,0.0,0.0
568,,398.0,0.0,0.0,0.0,0.0,0.0,0.0,0.0,0.0,0.0
569,,354.0,0.0,0.0,0.0,0.0,0.0,0.0,0.0,0.0,0.0
570,,309.0,0.0,0.0,0.0,0.0,0.0,0.0,0.0,0.0,0.0
571,,262.0,0.0,0.0,0.0,0.0,0.0,0.0,0.0,0.0,0.0
572,,216.0,0.0,0.0,0.0,0.0,0.0,0.0,0.0,0.0,0.0
573,,206.0,0.0,0.0,0.0,0.0,0.0,0.0,0.0,0.0,0.0
574,,206.0,0.0,0.0,0.0,0.0,0.0,0.0,0.0,0.0,0.0
575,,202.0,0.0,0.0,0.0,0.0,0.0,0.0,0.0,0.0,0.0
576,,187.0,0.0,0.0,0.0,0.0,0.0,0.0,0.0,0.0,0.0
577,,163.0,0.0,0.0,0.0,0.0,0.0,0.0,0.0,0.0,0.0
578,,125.0,0.0,0.0,0.0,0.0,0.0,0.0,0.0,0.0,0.0
579,,109.0,0.0,0.0,0.0,0.0,0.0,0.0,0.0,0.0,0.0
580,,105.0,0.0,0.0,0.0,0.0,0.0,0.0,0.0,0.0,0.0
581,,77.0,0.0,0.0,0.0,0.0,0.0,0.0,0.0,0.0,0.0
582,,51.0,0.0,0.0,0.0,0.0,0.0,0.0,0.0,0.0,0.0
583,,24.0,0.0,0.0,0.0,0.0,0.0,0.0,0.0,0.0,0.0
584,,797.0,0.0,0.0,0.0,0.0,0.0,0.0,0.0,0.0,0.0
585,,767.0,0.0,0.0,0.0,0.0,0.0,0.0,0.0,0.0,0.0
586,,734.0,0.0,0.0,0.0,0.0,0.0,0.0,0.0,0.0,0.0
587,,698.0,0.0,0.0,0.0,0.0,0.0,0.0,0.0,0.0,0.0
588,,668.0,0.0,0.0,0.0,0.0,0.0,0.0,0.0,0.0,0.0
589,,641.0,0.0,0.0,0.0,0.0,0.0,0.0,0.0,0.0,0.0
590,,615.0,0.0,0.0,0.0,0.0,0.0,0.0,0.0,0.0,0.0
591,,589.0,0.0,0.0,0.0,0.0,0.0,0.0,0.0,0.0,0.0
592,,564.0,0.0,0.0,0.0,0.0,0.0,0.0,0.0,0.0,0.0
593,,540.0,0.0,0.0,0.0,0.0,0.0,0.0,0.0,0.0,0.0
594,,516.0,0.0,0.0,0.0,0.0,0.0,0.0,0.0,0.0,0.0
595,,492.0,0.0,0.0,0.0,0.0,0.0,0.0,0.0,0.0,0.0
596,,467.0,0.0,0.0,0.0,0.0,0.0,0.0,0.0,0.0,0.0
597,,443.0,0.0,0.0,0.0,0.0,0.0,0.0,0.0,0.0,0.0
