frame,MAP Vacuum,TPS 1 Volts,TPS 2 Volts,Engine Speed,1/1 O2 Sensor Level,1/1 Short Term ADAP,2/1 Short Term ADAP,Intake Air Temp
0,20.3,0.71,4.3,604.0,,3.9,1.95,138.2
1,20.06,0.7,4.3,603.0,,4.49,2.53,138.2
2,20.0,0.71,4.28,573.0,,4.68,3.12,138.2
3,19.65,0.72,4.28,590.0,,4.68,3.12,138.2
4,19.47,0.71,4.29,590.0,,2.34,3.12,138.2
5,19.47,0.71,4.3,593.0,,2.34,3.12,138.2
6,19.53,0.71,4.3,591.0,,2.14,3.12,138.2
7,19.53,0.71,4.3,591.0,,2.14,2.92,138.2
8,19.53,0.71,4.3,592.0,,1.95,0.38,138.2
9,19.53,0.71,4.3,596.0,,1.75,0.38,138.2
10,19.53,0.71,4.3,596.0,,0.97,-0.01,138.2
11,19.0,0.76,4.24,628.0,,0.38,-0.4,138.2
12,18.58,0.73,4.27,676.0,,-0.4,-1.57,138.2
13,19.06,0.73,4.28,701.0,,-0.98,-2.15,138.2
14,19.47,0.73,4.27,698.0,,-1.76,-2.94,138.2
15,19.53,0.76,4.24,687.0,,-2.35,-3.72,138.2
16,18.7,0.85,4.14,694.0,,-3.33,-4.5,138.2
17,16.52,0.9,4.09,799.0,,-5.67,-7.23,138.2
18,15.04,0.93,4.07,943.0,,-8.21,-9.38,138.2
19,14.75,0.95,4.05,1030.0,,-7.82,-3.52,138.2
20,14.57,0.96,4.04,1098.0,,-1.57,0.38,138.2
21,14.51,0.97,4.03,1152.0,,-0.2,5.07,138.2
22,14.87,0.93,4.07,1168.0,,5.07,7.02,138.2
23,15.63,0.91,4.09,1146.0,,3.9,0.97,138.2
24,16.64,0.87,4.13,1090.0,,-2.55,-1.76,138.2
25,17.4,0.85,4.15,1006.0,,-3.33,-3.91,138.2
26,17.76,0.85,4.15,945.0,,-5.28,1.95,138.2
27,17.76,0.84,4.16,911.0,,-3.72,2.92,138.2
28,17.7,0.84,4.16,887.0,,2.14,8.2,138.2
29,17.4,0.87,4.13,913.0,,5.46,9.95,138.2
30,16.87,0.87,4.13,955.0,,10.54,4.29,138.2
31,18.17,0.71,4.28,913.0,,8.78,3.9,138.2
32,19.71,0.74,4.26,811.0,,6.24,3.51,138.2
33,19.94,0.74,4.27,727.0,,6.24,3.31,138.2
34,19.94,0.72,4.28,681.0,,6.05,3.31,138.2
35,19.94,0.72,4.29,645.0,,5.85,3.12,138.2
36,19.76,0.72,4.28,621.0,,5.66,2.92,138.2
37,19.59,0.7,4.32,613.0,,5.27,2.73,138.2
38,19.53,0.73,4.26,650.0,,5.07,2.73,138.2
39,19.35,0.74,4.27,704.0,,4.49,1.95,138.2
40,18.53,0.86,4.13,678.0,,3.51,7.02,138.2
41,15.69,0.92,4.07,856.0,,0.58,6.63,138.2
42,14.57,0.97,4.02,1039.0,,-2.15,0.58,138.2
43,13.98,0.99,4.01,1145.0,,-4.11,-2.15,138.2
44,14.1,0.96,4.05,1186.0,,-4.3,-3.52,138.2
45,15.28,0.93,4.07,1167.0,,0.77,-4.89,138.2
46,15.87,0.93,4.07,1124.0,,-5.08,0.19,138.2
47,16.05,0.91,4.09,1088.0,,-6.06,1.36,138.2
48,16.22,0.92,4.08,1064.0,,-1.57,-3.91,138.2
49,16.22,0.91,4.09,1047.0,,0.77,1.17,138.2
50,16.22,0.9,4.1,1055.0,,3.7,2.53,138.2
51,16.46,0.9,4.1,1064.0,,-1.18,6.44,138.2
52,16.93,0.86,4.14,1061.0,,-1.57,6.24,138.2
53,17.58,0.86,4.14,1023.0,,-3.72,0.38,138.2
54,17.94,0.84,4.17,992.0,,1.17,-0.98,138.2
55,18.76,0.77,4.23,968.0,,1.36,-1.18,138.2
56,20.0,0.72,4.28,903.0,,1.95,-1.57,138.2
57,20.89,0.71,4.29,839.0,,-3.33,-2.15,138.2
58,21.18,0.71,4.29,791.0,,-3.72,-2.15,138.2
59,21.24,0.71,4.29,777.0,,-4.11,2.92,138.2
60,21.06,0.74,4.26,788.0,,-4.11,3.7,138.2
61,20.83,0.75,4.25,806.0,,-3.33,4.29,138.2
62,20.53,0.76,4.24,817.0,,-1.57,5.85,138.2
63,20.36,0.77,4.23,827.0,,3.51,5.46,138.2
64,20.12,0.8,4.2,854.0,,4.09,0.38,138.2
65,19.59,0.83,4.17,875.0,,4.09,-0.01,138.2
66,19.06,0.84,4.17,913.0,,-1.18,-0.79,138.2
67,18.64,0.85,4.15,955.0,,-1.57,4.29,138.2
68,18.47,0.85,4.14,986.0,,-1.96,4.49,138.2
69,17.88,0.9,4.1,1036.0,,3.12,6.63,138.2
70,17.46,0.89,4.11,1091.0,,3.7,7.22,138.2
71,17.64,0.89,4.11,1117.0,,4.88,1.75,138.2
72,17.88,0.88,4.12,1122.0,,-0.79,0.58,138.2
73,18.23,0.86,4.14,1114.0,,-1.96,0.19,138.2
74,18.53,0.86,4.14,1106.0,,-1.96,5.66,138.2
75,18.82,0.84,4.17,1110.0,,3.7,7.22,138.2
76,19.35,0.82,4.19,1108.0,,4.29,2.14,138.2
77,20.06,0.8,4.2,1089.0,,3.7,1.56,138.2
78,20.41,0.8,4.2,1089.0,,-1.57,-0.01,138.2
79,20.59,0.79,4.21,1092.0,,-1.96,-0.4,138.2
80,20.77,0.79,4.21,1091.0,,-3.13,-0.98,138.2
81,20.89,0.79,4.21,1093.0,,-4.11,-1.37,138.2
82,20.89,0.8,4.2,1093.0,,-4.5,3.7,138.2
83,20.83,0.8,4.2,1076.0,,-4.11,4.09,138.2
84,20.83,0.79,4.21,1077.0,,1.36,4.88,138.2
85,20.83,0.82,4.17,1080.0,,2.53,-0.2,138.2
86,20.36,0.85,4.15,1075.0,,4.88,-0.59,138.2
87,19.76,0.87,4.11,1090.0,,7.81,4.68,138.2
88,18.88,0.9,4.1,1117.0,,10.93,6.24,138.2
89,18.23,0.9,4.11,1131.0,,10.93,9.76,138.2
90,18.29,0.86,4.15,1136.0,,5.66,9.95,138.2
91,18.94,0.83,4.17,1100.0,,4.49,4.49,138.2
92,19.41,0.81,4.19,1050.0,,3.12,3.51,138.2
93,19.65,0.83,4.17,1017.0,,1.95,2.14,138.2
94,19.53,0.83,4.17,1017.0,,0.97,1.56,138.2
95,19.35,0.84,4.16,1009.0,,-0.01,1.36,138.2
96,19.18,0.84,4.16,999.0,,-0.4,6.44,138.2
97,19.0,0.85,4.15,1000.0,,-0.4,7.42,138.2
98,18.64,0.86,4.14,998.0,,4.88,7.42,136.4
99,18.23,0.88,4.12,998.0,,5.66,2.34,136.4
100,17.64,0.89,4.11,1010.0,,6.83,7.61,136.4
101,17.29,0.89,4.1,1033.0,,1.56,8.39,136.4
102,16.64,0.93,4.05,1061.0,,6.44,10.15,136.4
103,15.63,0.97,4.03,1116.0,,7.22,4.68,136.4
104,14.99,0.97,4.02,1175.0,,3.9,2.73,136.4
105,14.93,0.97,4.03,1201.0,,3.12,0.97,136.4
106,14.93,0.97,4.03,1206.0,,-0.2,-1.96,136.4
107,14.99,0.97,4.03,1185.0,,-3.13,3.12,136.4
108,14.99,0.96,4.04,1179.0,,-2.55,5.66,136.4
109,15.16,0.96,4.04,1183.0,,3.12,0.97,136.4
110,15.28,0.95,4.04,1168.0,,3.7,-0.79,136.4
111,15.28,0.95,4.05,1157.0,,-1.57,4.49,136.4
112,15.46,0.94,4.07,1151.0,,2.92,6.44,136.4
113,15.69,0.93,4.07,1144.0,,4.29,0.38,136.4
114,15.87,0.93,4.07,1142.0,,-0.4,-1.18,136.4
115,15.93,0.93,4.07,1128.0,,-1.96,4.29,136.4
116,15.87,0.93,4.07,1133.0,,3.12,7.22,136.4
117,15.87,0.93,4.06,1144.0,,3.7,1.56,136.4
118,15.93,0.94,4.06,1146.0,,5.46,-0.01,136.4
119,15.81,0.94,4.06,1156.0,,-0.2,5.27,136.4
120,15.81,0.94,4.06,1165.0,,-2.35,6.83,136.4
121,15.81,0.95,4.06,1170.0,,2.92,0.97,136.4
122,15.75,0.95,4.06,1184.0,,4.68,-0.98,136.4
123,15.81,0.95,4.05,1196.0,,-1.18,4.29,136.4
124,15.81,0.95,4.05,1211.0,,-2.55,6.05,136.4
125,15.87,0.95,4.05,1226.0,,2.73,-0.01,136.4
126,15.99,0.95,4.05,1247.0,,5.46,-1.76,136.4
127,16.05,0.97,4.03,1270.0,,-0.4,4.09,134.6
128,15.87,0.98,4.02,1293.0,,-1.76,8.39,134.6
129,15.63,1.0,4.0,1327.0,,3.9,3.12,134.6
130,14.99,1.03,3.96,1370.0,,6.63,7.81,134.6
131,14.4,1.05,3.95,1429.0,,1.95,9.56,134.6
132,14.16,1.06,3.94,1479.0,,7.02,2.73,134.6
133,14.16,1.06,3.94,1510.0,,9.56,7.02,134.6
134,14.57,1.04,3.96,1530.0,,3.7,7.42,134.6
135,14.99,1.04,3.96,1540.0,,1.56,1.56,134.6
136,15.16,1.04,3.96,1558.0,,7.02,1.36,134.6
137,15.28,1.04,3.96,1596.0,,2.53,7.42,134.6
138,15.52,1.04,3.96,1623.0,,1.17,3.31,134.6
139,15.75,1.03,3.97,1655.0,,5.46,0.97,134.6
140,16.22,1.03,3.97,1687.0,,0.97,0.58,134.6
141,16.34,1.04,3.96,1716.0,,0.58,6.24,134.6
142,16.4,1.03,3.97,1748.0,,6.83,0.19,134.6
143,16.7,1.02,3.98,1762.0,,1.36,5.66,134.6
144,17.05,1.02,3.98,1769.0,,6.24,1.36,134.6
145,17.23,1.02,3.98,1743.0,,2.34,6.24,134.6
146,17.23,0.99,4.02,1491.0,,0.38,2.14,134.6
147,17.17,0.95,4.06,1279.0,,-2.15,0.97,134.6
148,16.93,0.93,4.07,1223.0,,-4.11,-0.98,132.8
149,16.76,0.93,4.07,1206.0,,-4.69,-2.74,132.8
150,16.76,0.91,4.09,1200.0,,1.17,0.38,132.8
151,17.58,0.87,4.13,1193.0,,6.05,6.24,132.8
152,18.58,0.82,4.18,1156.0,,0.19,6.83,132.8
153,19.35,0.81,4.19,1133.0,,-0.79,0.58,132.8
154,19.94,0.81,4.18,1126.0,,-2.55,-0.79,132.8
155,20.0,0.82,4.18,1121.0,,-3.13,-1.76,132.8
156,20.06,0.82,4.18,1114.0,,1.75,-1.96,132.8
157,20.12,0.83,4.17,1127.0,,1.95,-0.4,132.8
158,20.0,0.83,4.17,1141.0,,3.31,5.85,132.8
159,19.94,0.83,4.17,1152.0,,-1.96,6.83,132.8
160,19.94,0.84,4.17,1137.0,,-2.74,1.17,132.8
161,19.94,0.81,4.19,1128.0,,2.34,0.97,132.8
162,20.06,0.8,4.2,1121.0,,2.14,-0.59,132.8
163,20.77,0.73,4.26,1105.0,,-3.33,-1.57,132.8
164,21.42,0.75,4.26,1092.0,,-3.72,-2.55,132.8
165,21.71,0.75,4.25,1084.0,,-4.3,-3.33,132.8
166,21.83,0.75,4.25,1075.0,,-5.08,-3.72,132.8
167,21.95,0.73,4.27,1008.0,,-5.47,-4.3,132.8
168,22.12,0.72,4.28,971.0,,-6.06,0.77,132.8
169,22.3,0.71,4.29,945.0,,-6.45,0.77,132.8
170,22.48,0.71,4.3,931.0,,-6.65,0.97,132.8
171,22.48,0.71,4.29,900.0,,-7.04,0.97,132.8
172,22.48,0.71,4.29,883.0,,-7.43,-0.01,132.8
173,22.42,0.71,4.29,878.0,,-2.15,-5.08,132.8
174,22.36,0.71,4.29,867.0,,-2.15,-5.47,132.8
175,22.3,0.71,4.29,884.0,,-1.37,-5.87,132.8
176,22.3,0.71,4.29,885.0,,-0.59,-6.26,132.8
177,22.3,0.71,4.3,892.0,,-0.2,-6.65,132.8
178,22.3,0.71,4.3,888.0,,-5.28,-6.84,132.8
179,22.3,0.71,4.3,875.0,,-5.47,-1.76,132.8
180,22.3,0.71,4.3,862.0,,-5.87,-1.76,132.8
181,22.3,0.71,4.3,862.0,,-5.87,-1.57,132.8
182,22.3,0.71,4.3,855.0,,-6.06,-0.79,132.8
183,22.3,0.71,4.3,847.0,,-1.18,-5.87,132.8
184,22.24,0.71,4.3,848.0,,-0.98,-5.87,132.8
185,22.24,0.71,4.3,848.0,,-0.59,-6.06,132.8
186,22.18,0.71,4.3,845.0,,-0.01,-6.26,132.8
187,22.18,0.71,4.3,839.0,,-0.01,-6.26,132.8
188,22.12,0.71,4.3,827.0,,-5.08,-1.18,132.8
189,22.12,0.71,4.3,824.0,,-5.47,-0.59,132.8
190,22.07,0.71,4.3,822.0,,-5.67,-0.2,132.8
191,22.07,0.71,4.3,816.0,,-6.06,-0.2,132.8
192,21.95,0.7,4.3,802.0,,-6.84,-5.28,132.8
193,21.89,0.71,4.3,791.0,,-7.43,-5.87,132.8
194,21.83,0.71,4.29,768.0,,-7.82,-6.26,132.8
195,21.36,0.73,4.28,761.0,,-8.4,-7.04,132.8
196,21.3,0.7,4.3,796.0,,-8.79,-7.62,132.8
197,21.54,0.7,4.3,823.0,,-9.77,-8.4,132.8
198,21.71,0.7,4.3,819.0,,-10.36,-8.99,132.8
199,21.83,0.7,4.3,818.0,,-10.94,-9.58,132.8
200,21.83,0.7,4.3,803.0,,-11.33,-9.97,132.8
201,21.83,0.7,4.3,784.0,,-11.72,-10.36,132.8
202,21.83,0.7,4.29,773.0,,-11.72,-10.55,132.8
203,21.54,0.73,4.27,723.0,,-6.65,-10.55,132.8
204,20.94,0.74,4.26,693.0,,-6.65,-10.16,132.8
205,20.47,0.74,4.26,674.0,,-6.26,-9.19,132.8
206,20.06,0.74,4.26,674.0,,-5.47,-8.6,132.8
207,19.76,0.75,4.26,682.0,,-4.69,-2.94,132.8
208,19.65,0.74,4.26,697.0,,-9.97,-2.94,132.8
209,19.65,0.75,4.26,698.0,,-10.36,-2.74,132.8
210,19.29,0.81,4.19,702.0,,-10.55,-3.72,132.8
211,18.35,0.85,4.14,737.0,,-10.94,-4.3,132.8
212,16.52,0.92,4.08,849.0,,-13.68,-9.38,132.8
213,15.1,0.93,4.07,963.0,,-8.21,-10.75,132.8
214,14.57,0.95,4.05,1040.0,,-7.23,-6.26,132.8
215,14.46,0.96,4.04,1114.0,,-0.79,-1.96,132.8
216,14.46,0.96,4.03,1155.0,,3.9,3.9,132.8
217,14.63,0.97,4.03,1185.0,,4.29,7.61,132.8
218,14.69,1.0,4.01,1196.0,,-0.98,5.85,132.8
219,14.34,0.99,4.01,1207.0,,-2.74,0.19,132.8
220,14.22,0.99,4.01,1214.0,,2.53,-2.15,132.8
221,14.22,1.0,4.0,1233.0,,4.09,2.92,132.8
222,14.16,1.03,3.95,1254.0,,-2.94,6.05,132.8
223,13.04,1.06,3.94,1292.0,,2.73,0.58,132.8
224,12.74,1.07,3.93,1341.0,,-1.76,-0.98,132.8
225,12.68,1.07,3.92,1385.0,,-1.37,6.83,132.8
226,12.63,1.09,3.91,1403.0,,4.68,1.75,132.8
227,12.45,1.09,3.91,1439.0,,8.78,6.44,132.8
228,12.45,1.1,3.9,1437.0,,2.92,7.81,132.8
229,12.21,1.11,3.89,1473.0,,1.75,1.75,132.8
230,12.04,1.14,3.86,1490.0,,0.97,6.24,132.8
231,11.56,1.14,3.86,1530.0,,6.63,1.17,131.0
232,11.45,1.16,3.84,1567.0,,1.75,-0.59,131.0
233,11.27,1.16,3.84,1601.0,,-0.59,5.07,131.0
234,11.15,1.17,3.82,1640.0,,-1.18,-1.18,131.0
235,11.03,1.18,3.82,1671.0,,4.09,3.51,131.0
236,11.03,1.19,3.81,1708.0,,-1.96,-0.79,131.0
237,10.91,1.2,3.8,1749.0,,-1.37,3.9,131.0
238,10.91,1.2,3.8,1780.0,,-1.76,4.49,131.0
239,10.97,1.21,3.79,1810.0,,4.49,4.09,131.0
240,10.97,1.21,3.79,1836.0,,3.9,5.07,131.0
241,11.03,1.22,3.78,1871.0,,-0.98,-0.59,131.0
242,11.03,1.23,3.77,1924.0,,3.51,-0.4,131.0
243,11.09,1.25,3.75,1979.0,,3.31,-0.4,129.2
244,11.09,1.25,3.75,2031.0,,-1.57,5.07,129.2
245,11.15,1.26,3.74,2066.0,,4.09,-0.79,129.2
246,11.21,1.27,3.72,2088.0,,3.7,0.19,129.2
247,10.32,1.29,3.72,1984.0,,-0.79,5.07,129.2
248,9.85,1.26,3.74,1836.0,,-1.76,-0.98,129.2
249,9.44,1.23,3.77,1681.0,,-1.96,-2.15,129.2
250,9.44,1.22,3.78,1675.0,,-3.33,2.34,129.2
251,9.32,1.23,3.77,1674.0,,2.73,-2.35,129.2
252,9.26,1.23,3.77,1689.0,,-1.37,2.34,129.2
253,9.09,1.24,3.76,1704.0,,3.31,-1.57,129.2
254,9.03,1.25,3.75,1710.0,,-1.18,3.12,127.4
255,8.91,1.26,3.74,1735.0,,3.31,-1.96,127.4
256,8.55,1.28,3.72,1760.0,,-2.55,2.53,127.4
257,8.2,1.29,3.71,1778.0,,2.73,-2.94,127.4
258,8.02,1.3,3.7,1793.0,,-2.55,2.92,127.4
259,8.02,1.3,3.7,1800.0,,-2.55,2.34,127.4
260,8.02,1.3,3.71,1815.0,,1.95,-2.74,127.4
261,8.14,1.3,3.71,1817.0,,-2.94,1.95,127.4
262,8.2,1.29,3.71,1827.0,,1.95,-2.74,127.4
263,8.26,1.29,3.71,1789.0,,-3.72,2.53,127.4
264,8.26,1.28,3.73,1752.0,,3.31,-3.33,127.4
265,8.38,1.27,3.73,1754.0,,-3.33,-2.94,125.6
266,8.38,1.28,3.73,1746.0,,-3.13,1.95,125.6
267,8.26,1.27,3.73,1729.0,,1.36,-2.55,125.6
268,8.32,1.27,3.73,1708.0,,-3.33,2.34,125.6
269,8.32,1.26,3.74,1697.0,,1.36,-3.52,125.6
270,8.2,1.27,3.74,1681.0,,-4.11,-2.74,125.6
271,8.08,1.26,3.74,1640.0,,1.36,1.95,125.6
272,7.91,1.27,3.74,1633.0,,1.17,-2.55,125.6
273,7.85,1.27,3.74,1647.0,,-3.91,2.14,125.6
274,7.91,1.27,3.73,1681.0,,1.36,-3.13,125.6
275,7.85,1.28,3.72,1717.0,,1.56,-2.55,125.6
276,7.79,1.29,3.71,1743.0,,-3.72,2.14,125.6
277,7.79,1.29,3.72,1761.0,,1.56,-3.33,125.6
278,8.08,1.28,3.72,1781.0,,-3.52,2.73,125.6
279,8.73,1.25,3.76,1804.0,,-3.72,1.75,125.6
280,9.73,1.21,3.79,1818.0,,-5.08,-3.72,125.6
281,10.91,1.19,3.81,1843.0,,-4.89,1.17,125.6
282,11.74,1.19,3.81,1868.0,,1.95,-2.94,125.6
283,11.92,1.19,3.81,1894.0,,-3.52,4.09,123.8
284,12.09,1.22,3.78,2026.0,,2.34,-1.18,123.8
285,11.98,1.2,3.8,1982.0,,-3.13,4.68,123.8
286,12.68,1.18,3.82,2024.0,,2.53,-1.37,123.8
287,13.39,1.17,3.84,2031.0,,1.95,-0.79,123.8
288,14.22,1.13,3.87,2038.0,,-2.55,4.09,123.8
289,14.99,1.13,3.87,2044.0,,2.34,-0.01,123.8
290,15.22,1.13,3.87,2025.0,,4.88,5.46,123.8
291,15.04,1.07,3.94,1679.0,,-0.59,7.02,123.8
292,15.1,1.03,3.97,1399.0,,-3.13,1.17,123.8
293,14.87,1.01,3.99,1301.0,,-4.89,-1.37,123.8
294,14.46,1.04,3.95,1322.0,,0.58,-2.35,123.8
295,13.57,1.06,3.94,1377.0,,5.07,3.7,123.8
296,13.16,1.07,3.92,1378.0,,7.22,7.81,123.8
297,12.45,1.09,3.91,1371.0,,1.17,5.46,123.8
298,11.98,1.1,3.9,1365.0,,-0.01,-0.2,123.8
299,11.62,1.1,3.9,1330.0,,-0.79,-0.79,123.8
300,11.39,1.09,3.91,1306.0,,4.29,-0.79,123.8
301,11.27,1.09,3.91,1299.0,,-1.18,4.49,123.8
302,11.09,1.09,3.91,1296.0,,-2.35,-0.4,123.8
303,11.03,1.1,3.9,1302.0,,2.92,-0.98,123.8
304,10.86,1.11,3.89,1312.0,,-2.35,5.07,123.8
305,10.68,1.11,3.89,1316.0,,2.34,-0.01,123.8
306,10.56,1.12,3.88,1323.0,,-2.35,-1.18,123.8
307,10.44,1.12,3.87,1330.0,,-2.35,4.29,123.8
308,10.38,1.13,3.87,1346.0,,3.51,-1.18,123.8
309,10.32,1.13,3.87,1352.0,,-1.37,3.7,123.8
310,10.32,1.13,3.87,1355.0,,3.51,-0.98,123.8
311,10.38,1.13,3.87,1366.0,,-1.18,3.7,123.8
312,10.38,1.14,3.86,1378.0,,3.12,-1.18,123.8
313,10.32,1.14,3.86,1378.0,,-1.18,3.7,123.8
314,10.32,1.14,3.86,1390.0,,-1.76,-0.98,123.8
315,10.27,1.14,3.86,1395.0,,4.49,3.7,123.8
316,10.32,1.14,3.86,1403.0,,-1.57,4.49,123.8
317,10.32,1.14,3.86,1404.0,,3.51,-1.37,123.8
318,10.32,1.14,3.86,1411.0,,-1.57,4.29,123.8
319,10.38,1.14,3.86,1414.0,,3.31,-1.18,122.0
320,10.44,1.14,3.86,1427.0,,-1.18,3.9,122.0
321,10.5,1.15,3.86,1436.0,,-2.15,-0.79,122.0
322,10.56,1.15,3.85,1439.0,,3.12,-1.37,122.0
323,10.5,1.15,3.85,1447.0,,-1.18,4.68,122.0
324,10.5,1.15,3.85,1451.0,,3.7,-1.76,122.0
325,10.56,1.15,3.85,1460.0,,-1.37,3.51,122.0
326,10.62,1.15,3.85,1463.0,,3.12,-1.57,122.0
327,10.62,1.15,3.85,1461.0,,-1.76,3.31,122.0
328,10.97,1.11,3.9,1477.0,,3.9,-2.55,122.0
329,12.15,1.09,3.91,1481.0,,-2.15,3.12,122.0
330,12.63,1.09,3.91,1482.0,,3.12,-1.37,122.0
331,12.63,1.11,3.89,1491.0,,-1.76,3.31,122.0
332,12.45,1.11,3.89,1489.0,,2.92,5.66,122.0
333,12.39,1.1,3.9,1492.0,,4.88,0.19,122.0
334,12.74,1.09,3.92,1493.0,,-0.98,-1.18,122.0
335,13.39,1.04,3.96,1505.0,,-1.96,4.29,122.0
336,14.81,1.02,3.99,1494.0,,5.46,3.9,122.0
337,15.34,1.0,4.0,1504.0,,-0.01,5.46,122.0
338,15.87,1.0,4.0,1578.0,,4.29,1.56,122.0
339,16.34,0.99,4.02,1515.0,,5.85,0.19,122.0
340,16.64,0.98,4.02,1546.0,,-0.01,5.07,122.0
341,16.99,0.98,4.02,1565.0,,-0.79,6.05,122.0
342,17.23,0.97,4.03,1554.0,,4.68,-0.4,122.0
343,17.35,0.97,4.03,1559.0,,-0.98,4.49,122.0
344,17.46,0.97,4.03,1554.0,,-0.79,-0.01,122.0
345,17.11,0.96,4.04,1278.0,,5.46,-0.98,122.0
346,16.58,0.94,4.06,1220.0,,-0.59,-2.55,122.0
347,16.4,0.94,4.06,1235.0,,-2.35,2.14,122.0
348,16.34,0.94,4.05,1237.0,,-0.59,5.07,122.0
349,15.99,0.98,4.02,1246.0,,4.88,6.63,122.0
350,15.28,0.99,4.0,1271.0,,4.88,0.77,122.0
351,14.75,1.01,3.99,1289.0,,-0.79,-0.79,122.0
352,14.34,1.02,3.98,1276.0,,-0.98,4.68,122.0
353,13.81,1.03,3.97,1240.0,,5.46,-0.4,122.0
354,13.22,1.02,3.98,1178.0,,1.17,-1.76,122.0
355,12.86,1.01,4.0,1097.0,,-0.4,-3.13,122.0
356,12.68,1.0,4.0,1103.0,,-2.74,-3.91,122.0
357,12.57,1.0,4.0,1102.0,,-3.72,1.56,122.0
358,12.27,1.01,3.99,1106.0,,-4.11,-3.13,122.0
359,12.15,1.01,3.99,1096.0,,1.17,-2.55,122.0
360,11.8,1.02,3.98,1100.0,,3.7,4.29,122.0
361,11.56,1.02,3.98,1099.0,,-1.96,5.46,122.0
362,11.39,1.02,3.97,1094.0,,2.92,-0.2,120.2
363,11.03,1.04,3.96,1085.0,,-1.37,5.27,120.2
364,10.44,1.06,3.93,1087.0,,-1.76,0.97,120.2
365,9.85,1.07,3.93,1088.0,,4.88,0.19,120.2
366,9.5,1.08,3.92,1092.0,,-0.4,5.46,120.2
367,9.26,1.08,3.91,1092.0,,4.29,-0.4,120.2
368,8.85,1.1,3.9,1087.0,,6.05,4.49,120.2
369,8.55,1.1,3.9,1084.0,,-0.01,4.68,120.2
370,8.26,1.12,3.88,1086.0,,-0.98,-0.79,120.2
371,7.79,1.13,3.87,1091.0,,4.29,-0.98,120.2
372,7.43,1.14,3.86,1084.0,,-0.98,4.49,120.2
373,7.02,1.16,3.84,1081.0,,3.51,-0.59,120.2
374,6.73,1.16,3.84,1086.0,,4.29,4.09,120.2
375,6.55,1.16,3.84,1090.0,,-1.18,5.85,120.2
376,6.43,1.17,3.83,1084.0,,3.51,0.19,120.2
377,6.43,1.17,3.83,1085.0,,4.09,-0.79,120.2
378,6.31,1.17,3.83,1084.0,,-1.37,4.88,120.2
379,6.31,1.17,3.83,1084.0,,3.7,0.19,120.2
380,6.31,1.18,3.82,1103.0,,-0.59,-0.79,120.2
381,6.25,1.18,3.82,1096.0,,-0.98,5.07,120.2
382,6.19,1.18,3.82,1097.0,,4.68,-0.4,120.2
383,6.14,1.18,3.82,1095.0,,-0.2,4.29,120.2
384,6.14,1.18,3.82,1097.0,,-0.98,-0.59,120.2
385,6.14,1.18,3.82,1101.0,,4.49,-1.37,120.2
386,6.19,1.18,3.82,1093.0,,-0.2,4.09,120.2
387,6.19,1.18,3.82,1110.0,,-0.98,-0.79,120.2
388,6.14,1.18,3.82,1108.0,,4.29,-0.4,120.2
389,6.08,1.18,3.81,1107.0,,-1.18,4.49,120.2
390,6.08,1.18,3.81,1111.0,,3.7,-0.98,120.2
391,6.02,1.19,3.81,1111.0,,-1.37,3.51,118.4
392,6.02,1.18,3.84,1119.0,,-1.96,-0.98,118.4
393,7.32,1.05,3.97,1115.0,,-2.94,-2.15,118.4
394,10.15,0.94,4.07,1109.0,,-4.11,-3.52,118.4
395,14.16,0.73,4.29,1106.0,,-6.06,-4.3,118.4
396,18.58,0.71,4.29,1253.0,,-6.84,-4.69,120.2
397,21.06,0.72,4.29,1158.0,,-7.82,0.58,120.2
398,21.83,0.72,4.29,1136.0,,-8.21,1.36,120.2
399,22.18,0.73,4.28,1133.0,,-8.79,2.73,120.2
400,22.24,0.73,4.27,1124.0,,-9.38,2.92,120.2
401,22.24,0.73,4.27,1112.0,,-9.58,-2.35,120.2
402,22.24,0.73,4.28,1105.0,,-9.77,-2.74,120.2
403,22.3,0.73,4.28,1091.0,,-10.36,-3.52,120.2
404,22.3,0.72,4.28,1081.0,,-10.75,-4.3,120.2
405,22.36,0.72,4.29,1061.0,,-5.67,-5.08,120.2
406,22.42,0.71,4.29,1045.0,,-5.47,-5.67,120.2
407,22.48,0.71,4.29,1024.0,,-5.28,-5.87,120.2
408,22.48,0.71,4.3,1012.0,,-5.47,-0.98,120.2
409,22.48,0.71,4.3,988.0,,-10.55,-0.4,120.2
410,22.48,0.7,4.3,956.0,,-10.75,-0.01,120.2
411,22.48,0.7,4.31,940.0,,-10.36,0.97,120.2
412,22.48,0.7,4.31,920.0,,-4.3,0.97,120.2
413,22.48,0.69,4.31,911.0,,-3.91,-4.11,120.2
414,22.36,0.79,4.22,889.0,,-3.52,-4.3,120.2
415,21.0,0.8,4.19,899.0,,-2.94,-4.5,120.2
416,19.88,0.83,4.16,944.0,,-8.21,-5.47,120.2
417,19.18,0.77,4.23,1052.0,,-8.4,-7.04,120.2
418,20.53,0.72,4.28,1094.0,,-9.58,-8.4,120.2
419,21.48,0.71,4.29,1027.0,,-10.55,-9.38,120.2
420,22.07,0.7,4.3,978.0,,-11.33,-9.97,120.2
421,22.24,0.7,4.31,928.0,,-11.72,-9.97,120.2
422,22.36,0.71,4.29,878.0,,-11.53,-4.89,120.2
423,22.01,0.72,4.29,839.0,,-10.36,-4.5,120.2
424,21.83,0.71,4.29,862.0,,-9.58,-4.11,120.2
425,21.89,0.69,4.31,816.0,,-8.4,-2.94,120.2
426,21.89,0.7,4.31,796.0,,-3.13,-2.74,120.2
427,21.83,0.7,4.3,789.0,,-2.94,-7.82,120.2
428,20.94,0.86,4.12,810.0,,-2.74,-8.01,120.2
429,16.87,1.15,3.8,972.0,,-3.72,-9.77,120.2
430,5.19,1.41,3.58,1281.0,,-9.97,-5.67,120.2
431,2.83,1.5,3.5,1537.0,,-4.5,-3.91,120.2
432,2.95,1.53,3.47,1661.0,,-2.55,-4.5,120.2
433,3.01,1.54,3.46,1695.0,,-1.37,-0.2,120.2
434,3.13,1.55,3.45,1742.0,,-6.45,0.38,118.4
435,3.13,1.55,3.45,1740.0,,2.34,-0.2,118.4
436,3.19,1.56,3.44,1771.0,,3.12,1.95,118.4
437,3.19,1.56,3.44,1797.0,,2.92,-4.5,118.4
438,3.3,1.55,3.45,1782.0,,2.92,-3.72,118.4
439,3.54,1.53,3.48,1792.0,,-2.15,1.17,118.4
440,3.72,1.52,3.49,1804.0,,2.92,-3.33,118.4
441,3.83,1.52,3.49,1814.0,,-2.55,-2.35,118.4
442,3.95,1.5,3.5,1817.0,,-1.96,2.73,118.4
443,4.19,1.48,3.52,1828.0,,3.51,2.53,118.4
444,4.42,1.47,3.53,1821.0,,-2.15,-1.96,118.4
445,4.66,1.44,3.58,1823.0,,3.9,-2.74,118.4
446,5.6,1.36,3.64,1796.0,,-2.55,1.95,118.4
447,6.61,1.32,3.68,1755.0,,2.53,-3.52,118.4
448,7.02,1.3,3.71,1743.0,,-3.13,-3.13,118.4
449,7.96,1.25,3.76,1724.0,,-3.72,-4.11,118.4
450,9.14,1.21,3.79,1689.0,,-5.08,0.58,118.4
451,9.97,1.18,3.82,1654.0,,-6.45,-4.5,118.4
452,10.44,1.18,3.82,1622.0,,-1.57,-4.3,118.4
453,10.5,1.18,3.82,1621.0,,-6.45,2.34,118.4
454,10.5,1.17,3.83,1632.0,,-1.18,-3.52,118.4
455,10.86,1.16,3.84,1611.0,,-6.65,1.36,116.6
456,11.03,1.15,3.86,1581.0,,0.97,-3.72,116.6
457,11.33,1.14,3.86,1578.0,,-3.33,2.73,116.6
458,11.5,1.13,3.87,1558.0,,1.75,-2.74,116.6
459,11.62,1.14,3.87,1539.0,,-2.94,2.34,116.6
460,11.62,1.13,3.88,1523.0,,2.34,-2.55,116.6
461,11.8,1.12,3.88,1507.0,,-2.94,2.34,116.6
462,11.98,1.11,3.89,1478.0,,2.53,-2.35,116.6
463,11.92,1.11,3.91,1460.0,,-1.96,2.73,116.6
464,12.45,1.08,3.92,1414.0,,2.73,-2.15,116.6
465,12.45,1.08,3.92,1386.0,,-1.57,3.31,116.6
466,12.21,1.1,3.9,1367.0,,3.12,5.66,116.6
467,11.56,1.11,3.88,1297.0,,4.68,-0.4,116.6
468,10.38,1.13,3.87,1302.0,,-1.18,4.88,116.6
469,9.79,1.14,3.86,1313.0,,-2.35,-0.2,116.6
470,9.56,1.14,3.86,1321.0,,-1.96,-1.57,116.6
471,9.5,1.15,3.85,1324.0,,-2.74,3.7,116.6
472,9.38,1.15,3.86,1333.0,,3.12,-1.37,116.6
473,9.68,1.13,3.87,1332.0,,-1.76,3.51,116.6
474,9.91,1.13,3.87,1337.0,,-2.74,-0.98,116.6
475,10.03,1.13,3.87,1353.0,,-2.15,-2.15,116.6
476,10.09,1.14,3.87,1363.0,,-3.13,2.92,116.6
477,10.27,1.12,3.88,1362.0,,2.34,-1.37,116.6
478,10.68,1.12,3.88,1366.0,,-1.76,2.92,116.6
479,10.91,1.11,3.89,1373.0,,-2.35,4.29,116.6
480,11.21,1.11,3.89,1387.0,,5.07,-1.57,116.6
481,11.39,1.1,3.9,1390.0,,-1.18,3.9,116.6
482,11.5,1.1,3.9,1396.0,,3.51,-1.18,116.6
483,11.68,1.1,3.9,1401.0,,-1.18,3.9,116.6
484,12.04,1.08,3.92,1406.0,,-1.96,-0.59,116.6
485,12.45,1.07,3.93,1408.0,,3.12,-0.98,116.6
486,12.74,1.07,3.93,1416.0,,-0.98,5.27,116.6
487,12.86,1.07,3.93,1418.0,,-1.57,1.56,116.6
488,13.04,1.07,3.93,1424.0,,4.29,0.38,116.6
489,13.22,1.06,3.94,1421.0,,-1.57,5.07,116.6
490,13.57,1.05,3.95,1422.0,,4.09,0.19,116.6
491,13.86,1.05,3.95,1431.0,,-0.4,-0.79,116.6
492,14.04,1.05,3.95,1435.0,,-0.79,4.49,116.6
493,14.1,1.05,3.95,1438.0,,5.07,-0.2,116.6
494,14.16,1.05,3.96,1441.0,,-0.2,4.49,116.6
495,14.22,1.05,3.95,1439.0,,4.09,-0.01,116.6
496,14.28,1.04,3.97,1446.0,,-0.59,4.68,116.6
497,14.87,0.99,4.03,1449.0,,-1.57,0.19,116.6
498,16.11,0.96,4.04,1447.0,,3.7,-0.4,116.6
499,16.87,0.96,4.04,1446.0,,-1.18,4.49,116.6
500,17.17,0.96,4.04,1447.0,,-1.57,-0.59,116.6
501,17.23,0.97,4.03,1447.0,,4.88,4.29,116.6
502,17.17,0.97,4.03,1449.0,,-0.01,6.24,116.6
503,17.17,0.97,4.03,1449.0,,4.68,0.97,116.6
504,17.17,0.97,4.03,1450.0,,6.44,-0.2,116.6
505,18.05,0.81,4.21,1441.0,,0.77,5.46,116.6
506,21.18,0.73,4.27,1441.0,,-0.79,-0.01,118.4
507,22.42,0.73,4.27,1411.0,,-1.37,-0.59,118.4
508,22.77,0.75,4.25,1348.0,,-1.96,-1.18,118.4
509,22.71,0.76,4.25,1246.0,,3.31,-0.79,118.4
510,22.54,0.76,4.24,1032.0,,3.9,0.58,118.4
511,22.01,0.76,4.24,1095.0,,5.07,2.14,118.4
512,22.01,0.74,4.27,1060.0,,6.63,7.61,118.4
513,22.07,0.74,4.27,1055.0,,6.63,7.81,118.4
514,22.12,0.74,4.27,1055.0,,1.36,7.81,118.4
515,22.12,0.74,4.27,1058.0,,0.77,6.63,118.4
516,22.12,0.74,4.27,1052.0,,-0.01,5.85,118.4
517,22.12,0.74,4.27,1053.0,,-0.79,0.77,118.4
518,22.12,0.74,4.27,1044.0,,-1.76,-0.01,118.4
519,22.12,0.73,4.27,1035.0,,-2.74,-0.98,118.4
520,22.07,0.73,4.27,1025.0,,-3.52,-1.96,118.4
521,22.07,0.73,4.27,1013.0,,-4.5,-2.94,118.4
522,22.07,0.73,4.27,1005.0,,-5.28,-3.72,118.4
523,22.07,0.73,4.27,999.0,,-6.26,-4.69,118.4
524,22.07,0.73,4.27,990.0,,-7.04,-5.47,118.4
525,22.07,0.72,4.28,990.0,,-7.82,-6.26,118.4
526,22.07,0.72,4.28,980.0,,-8.6,-6.84,118.4
527,22.07,0.73,4.28,972.0,,-9.19,-7.62,118.4
528,22.07,0.73,4.28,971.0,,-9.97,-8.21,118.4
529,22.07,0.76,4.21,963.0,,-10.55,-8.79,118.4
530,20.53,0.9,4.1,1016.0,,-11.14,-9.38,118.4
531,18.11,0.99,3.99,1157.0,,-12.51,-11.14,118.4
532,14.57,1.09,3.9,1204.0,,-7.62,-9.97,118.4
533,11.39,1.15,3.84,1407.0,,-3.91,-1.76,118.4
534,10.21,1.18,3.82,1518.0,,-8.99,-0.98,118.4
535,9.91,1.18,3.82,1529.0,,1.17,-0.98,118.4
536,9.85,1.19,3.81,1557.0,,-3.13,2.14,118.4
537,9.85,1.19,3.81,1568.0,,1.75,-3.91,118.4
538,9.85,1.19,3.81,1567.0,,-2.94,1.95,116.6
539,9.85,1.19,3.81,1565.0,,2.92,-4.3,116.6
540,9.85,1.19,3.81,1563.0,,2.92,-2.94,116.6
541,10.56,1.14,3.86,1557.0,,-1.37,-4.3,116.6
542,11.21,1.13,3.87,1519.0,,-2.55,1.56,116.6
543,11.8,1.1,3.9,1494.0,,2.92,4.29,116.6
544,12.39,1.08,3.92,1472.0,,3.9,-1.57,116.6
545,13.04,1.06,3.94,1428.0,,-1.76,3.51,116.6
546,13.27,1.06,3.94,1406.0,,3.7,5.46,116.6
547,13.33,1.06,3.94,1407.0,,6.83,-0.59,116.6
548,13.33,1.06,3.94,1403.0,,1.17,5.07,116.6
549,13.33,1.07,3.93,1404.0,,5.85,0.38,116.6
550,12.68,1.09,3.91,1438.0,,0.38,5.85,116.6
551,12.45,1.09,3.91,1445.0,,5.66,-0.4,116.6
552,12.39,1.1,3.9,1451.0,,0.58,4.49,116.6
553,12.39,1.09,3.9,1454.0,,-0.79,-0.2,116.6
554,12.27,1.1,3.9,1452.0,,4.68,-0.98,116.6
555,11.98,1.12,3.88,1468.0,,-0.01,4.49,116.6
556,11.56,1.13,3.86,1483.0,,-1.18,-0.2,116.6
557,11.21,1.14,3.85,1498.0,,4.29,-1.18,116.6
558,10.91,1.16,3.84,1522.0,,-0.79,5.07,116.6
559,10.62,1.17,3.83,1531.0,,4.09,-1.57,116.6
560,10.44,1.17,3.83,1545.0,,-0.98,-1.96,116.6
561,10.44,1.17,3.83,1554.0,,-1.96,3.31,116.6
562,10.44,1.17,3.83,1559.0,,3.7,-2.55,116.6
563,10.38,1.17,3.83,1562.0,,-1.57,2.73,116.6
564,10.38,1.17,3.83,1568.0,,3.7,-3.13,116.6
565,10.44,1.17,3.83,1570.0,,-1.57,2.34,116.6
566,10.44,1.17,3.83,1572.0,,2.92,-3.13,116.6
567,10.44,1.17,3.83,1567.0,,-2.15,2.34,114.8
568,10.44,1.17,3.83,1570.0,,-2.94,-2.74,114.8
569,10.44,1.17,3.83,1565.0,,2.92,2.73,114.8
570,10.5,1.17,3.84,1570.0,,-3.13,3.7,114.8
571,11.09,1.11,3.9,1549.0,,2.53,-2.55,114.8
572,13.27,0.98,4.03,1474.0,,-3.13,2.34,114.8
573,16.05,0.81,4.21,1355.0,,2.92,3.9,114.8
574,19.23,0.71,4.3,1198.0,,3.51,-1.57,114.8
575,21.06,0.72,4.28,1071.0,,3.31,-2.15,114.8
576,21.71,0.73,4.27,1061.0,,-2.15,-2.94,114.8
577,21.95,0.73,4.27,1052.0,,-2.55,-3.33,116.6
578,22.07,0.73,4.27,1046.0,,-3.13,1.75,116.6
579,22.12,0.77,4.19,1036.0,,-4.11,1.95,116.6
580,18.82,1.12,3.86,1207.0,,-6.45,-3.33,116.6
581,11.5,1.19,3.81,1410.0,,-8.79,-5.47,116.6
582,12.57,0.84,4.18,1484.0,,-11.53,-8.4,114.8
583,18.23,0.75,4.26,1255.0,,-13.09,-9.77,114.8
584,20.65,0.76,4.26,1054.0,,-7.82,-8.99,116.6
585,21.3,0.73,4.28,1040.0,,-6.45,-6.45,116.6
586,21.83,0.73,4.28,1012.0,,-5.08,-0.59,116.6
587,22.01,0.73,4.28,1002.0,,-3.13,0.19,116.6
588,22.07,0.73,4.28,992.0,,-1.76,1.17,116.6
589,22.07,0.73,4.28,984.0,,-1.18,2.14,116.6
590,22.07,0.72,4.28,974.0,,-6.26,1.95,116.6
591,22.07,0.72,4.28,961.0,,-6.45,1.56,116.6
592,22.01,0.72,4.28,941.0,,-7.04,0.58,116.6
593,22.01,0.72,4.29,932.0,,-7.82,-4.89,116.6
594,22.01,0.72,4.29,913.0,,-8.4,-5.47,116.6
595,21.95,0.72,4.29,893.0,,-8.6,-5.87,116.6
596,21.95,0.71,4.29,874.0,,-9.19,-6.45,116.6
597,21.95,0.71,4.29,860.0,,-3.91,-7.23,116.6
598,20.89,0.81,4.19,870.0,,-3.91,-7.82,116.6
599,19.53,0.85,4.15,930.0,,-3.33,-8.79,116.6
600,18.7,0.87,4.13,1001.0,,-8.4,-9.77,116.6
601,18.41,0.79,4.23,1108.0,,-8.99,-9.58,116.6
602,20.36,0.74,4.26,1083.0,,-9.97,-4.3,116.6
603,21.18,0.72,4.28,1019.0,,-10.36,-3.52,116.6
604,21.65,0.72,4.28,966.0,,-5.47,-2.74,116.6
605,21.83,0.71,4.29,929.0,,-5.28,-1.76,116.6
606,21.89,0.71,4.29,887.0,,-4.69,-0.98,116.6
607,21.89,0.7,4.3,852.0,,-3.72,-0.01,116.6
608,21.95,0.71,4.3,824.0,,-2.74,0.97,116.6
609,21.89,0.71,4.3,807.0,,-1.57,1.75,116.6
610,21.83,0.71,4.3,798.0,,-0.59,1.56,116.6
611,21.71,0.71,4.3,785.0,,-0.2,-3.52,116.6
612,21.59,0.71,4.3,772.0,,-0.2,-3.52,116.6
613,21.48,0.71,4.29,754.0,,-0.2,-4.11,116.6
614,21.12,0.73,4.27,738.0,,-0.98,-4.89,116.6
615,20.59,0.74,4.26,708.0,,-5.87,-5.47,116.6
616,20.12,0.75,4.25,682.0,,-6.26,-6.26,116.6
617,19.59,0.75,4.25,675.0,,-6.65,-7.04,116.6
618,19.23,0.76,4.24,666.0,,-7.23,-7.62,116.6
619,18.76,0.77,4.23,664.0,,-8.01,-8.4,116.6
620,18.47,0.77,4.23,671.0,,-8.79,-9.19,116.6
621,18.23,0.78,4.22,687.0,,-9.58,-9.58,116.6
622,18.05,0.78,4.22,699.0,,-10.16,-9.97,116.6
623,17.88,0.78,4.22,700.0,,-10.16,-4.69,116.6
624,17.82,0.77,4.24,747.0,,-9.38,-4.11,116.6
625,18.53,0.72,4.29,817.0,,-7.43,-2.35,116.6
626,19.65,0.72,4.29,845.0,,-2.35,-0.79,116.6
627,20.47,0.72,4.28,839.0,,-1.57,0.77,116.6
628,20.77,0.72,4.28,819.0,,0.19,2.14,116.6
629,20.89,0.74,4.26,744.0,,1.95,3.9,116.6
630,20.18,0.75,4.25,700.0,,3.7,5.66,116.6
631,19.53,0.76,4.24,678.0,,4.49,5.66,116.6
632,19.12,0.76,4.24,674.0,,4.68,0.38,116.6
633,18.94,0.76,4.25,685.0,,4.49,0.38,116.6
634,18.82,0.75,4.25,695.0,,3.7,-0.2,116.6
635,18.88,0.76,4.23,706.0,,3.31,-0.98,116.6
636,18.05,0.89,4.11,721.0,,-1.76,-1.76,116.6
637,15.75,0.93,4.06,862.0,,-2.35,-4.69,116.6
638,13.86,1.0,4.0,1044.0,,-5.47,-6.06,116.6
639,13.1,1.02,3.97,1160.0,,-3.91,-0.2,116.6
640,12.74,1.04,3.96,1275.0,,2.73,4.49,116.6
641,12.74,1.05,3.95,1326.0,,1.56,-1.57,116.6
642,12.92,1.05,3.95,1340.0,,-3.72,2.73,116.6
643,12.98,1.06,3.94,1343.0,,1.17,5.66,116.6
644,12.57,1.08,3.92,1380.0,,5.07,0.38,116.6
645,12.39,1.09,3.91,1426.0,,0.77,-0.79,116.6
646,12.33,1.1,3.9,1484.0,,-0.59,4.88,116.6
647,12.09,1.12,3.87,1499.0,,4.09,-1.57,116.6
648,11.5,1.16,3.84,1580.0,,-1.37,4.29,116.6
649,10.15,1.27,3.72,1687.0,,3.12,-1.57,116.6
650,7.73,1.33,3.66,1814.0,,-0.59,4.88,116.6
651,7.02,1.37,3.63,1866.0,,-1.76,-2.35,118.4
652,6.67,1.39,3.6,1897.0,,-1.37,3.12,118.4
653,5.6,1.48,3.51,1978.0,,3.12,-2.35,118.4
654,4.78,1.54,3.46,2047.0,,-1.76,3.9,118.4
655,4.25,1.6,3.39,2127.0,,-2.15,-2.35,118.4
656,3.6,1.68,3.31,2217.0,,2.92,-2.15,116.6
657,3.24,1.74,3.25,2299.0,,-2.35,2.73,116.6
658,2.95,1.8,3.19,2404.0,,-1.57,2.34,116.6
659,2.71,1.87,3.12,2515.0,,3.12,-3.33,116.6
660,2.6,1.9,3.09,2597.0,,2.92,-2.35,116.6
661,2.42,1.97,3.01,2723.0,,-1.37,-1.96,116.6
662,2.24,2.05,2.95,2837.0,,-0.98,3.51,116.6
663,2.18,2.1,2.89,2952.0,,-1.18,2.92,116.6
664,2.18,2.15,2.85,3056.0,,-1.18,3.12,116.6
665,2.24,2.18,2.81,3153.0,,-0.79,3.12,116.6
666,2.24,2.22,2.77,3251.0,,5.46,3.51,116.6
667,2.3,2.25,2.74,3359.0,,5.07,3.31,116.6
668,2.36,2.28,2.72,3463.0,,4.88,3.7,116.6
669,2.48,2.29,2.71,3596.0,,-0.4,4.09,116.6
670,2.95,2.22,2.79,3705.0,,-0.2,4.29,116.6
671,4.31,2.01,3.07,3798.0,,-0.01,-0.01,116.6
672,9.44,1.59,3.44,3807.0,,-0.01,-0.01,116.6
673,12.98,1.5,3.5,3847.0,,-0.01,-0.01,116.6
674,15.34,1.3,3.74,3788.0,,-0.01,-0.01,116.6
675,19.53,1.09,3.93,3162.0,,-0.01,-0.01,116.6
676,20.77,0.98,4.03,2327.0,,-0.01,-0.01,116.6
677,20.71,0.94,4.05,2110.0,,-0.01,-0.01,116.6
678,19.88,1.1,3.88,2215.0,,-0.01,-0.01,116.6
679,14.46,1.31,3.68,2312.0,,-0.01,-0.01,116.6
680,10.32,1.35,3.66,2052.0,,-0.01,-0.01,116.6
681,8.5,1.31,3.69,1819.0,,-0.01,-0.01,116.6
682,7.55,1.33,3.64,1783.0,,-0.01,-0.01,116.6
683,5.96,1.41,3.59,1809.0,,-5.47,-5.67,116.6
684,5.19,1.43,3.57,1814.0,,-0.01,-0.01,116.6
685,5.01,1.43,3.57,1840.0,,5.07,5.07,116.6
686,4.9,1.48,3.52,1868.0,,-0.59,-1.57,116.6
687,4.37,1.51,3.5,1890.0,,-1.37,-2.94,116.6
688,4.13,1.53,3.47,1914.0,,-1.37,2.73,116.6
689,3.95,1.55,3.45,1942.0,,-2.55,-2.94,116.6
690,3.78,1.58,3.42,1951.0,,-2.35,2.53,116.6
691,3.48,1.61,3.39,1993.0,,2.53,-3.13,114.8
692,3.36,1.63,3.37,2004.0,,-3.13,2.14,114.8
693,3.24,1.64,3.36,2014.0,,-2.35,1.75,114.8
694,3.19,1.65,3.35,2038.0,,2.34,-3.13,114.8
695,3.3,1.62,3.39,2025.0,,-2.94,2.73,114.8
696,3.66,1.59,3.41,2036.0,,-2.15,1.95,114.8
697,3.24,1.67,3.33,2054.0,,2.73,-2.55,114.8
698,2.95,1.7,3.3,2062.0,,-2.35,3.51,114.8
699,2.71,1.73,3.27,2088.0,,2.92,2.92,114.8
700,2.6,1.76,3.24,2090.0,,2.73,-1.57,114.8
701,2.42,1.78,3.21,2115.0,,2.53,-1.37,114.8
702,2.3,1.8,3.19,2132.0,,-2.35,3.7,114.8
703,2.18,1.82,3.18,2120.0,,-1.96,3.7,113.0
704,2.12,1.84,3.16,2116.0,,2.73,-1.57,113.0
705,2.06,1.85,3.15,2133.0,,-1.96,-0.01,113.0
706,2.01,1.86,3.14,2143.0,,-0.01,-0.01,113.0
707,1.95,1.87,3.12,2150.0,,-0.01,-0.01,113.0
708,1.89,1.9,3.1,2177.0,,-0.01,-0.01,113.0
709,1.83,1.92,3.08,2163.0,,-0.01,-0.01,113.0
710,1.77,1.92,3.07,2167.0,,-0.01,-0.01,113.0
711,1.71,1.95,3.05,2199.0,,-0.01,-0.01,113.0
712,1.65,1.95,3.05,2217.0,,-0.01,-0.01,113.0
713,1.83,1.88,3.16,2216.0,,-0.01,-0.01,113.0
714,9.56,0.91,4.14,1988.0,,-0.01,-0.01,111.2
715,18.23,0.8,4.21,1790.0,,-0.01,-0.01,111.2
716,21.59,0.75,4.25,1753.0,,-0.01,-0.01,113.0
717,22.77,0.75,4.25,1709.0,,-0.01,-0.01,113.0
718,23.19,0.75,4.25,1588.0,,-0.01,-0.01,113.0
719,23.19,0.74,4.26,1444.0,,-0.01,-0.01,113.0
720,23.07,0.76,4.24,1289.0,,-0.01,-0.01,113.0
721,22.71,0.75,4.26,1317.0,,-0.01,-0.01,113.0
722,22.71,0.75,4.25,1305.0,,-0.01,-0.01,113.0
723,22.77,0.75,4.25,1301.0,,-0.01,-0.01,113.0
724,22.71,0.76,4.25,1290.0,,-0.01,-0.01,113.0
725,22.71,0.76,4.24,1279.0,,-0.01,-0.01,113.0
726,22.71,0.76,4.24,1271.0,,-0.01,-0.01,113.0
727,22.66,0.76,4.24,1249.0,,-5.47,-5.28,113.0
728,22.6,0.76,4.24,1235.0,,-5.47,-4.69,113.0
729,22.48,0.76,4.24,1232.0,,-5.47,-3.72,113.0
730,22.3,0.78,4.24,1228.0,,-0.01,-2.74,113.0
731,22.3,0.76,4.24,1204.0,,0.58,-1.76,113.0
732,22.24,0.76,4.24,1165.0,,1.36,-0.59,113.0
733,22.18,0.76,4.24,1145.0,,2.73,4.68,113.0
734,22.18,0.76,4.24,1142.0,,3.9,5.07,113.0
735,22.18,0.74,4.26,1119.0,,5.07,5.85,113.0
736,22.36,0.74,4.26,1105.0,,5.27,6.44,113.0
737,22.36,0.75,4.26,1105.0,,0.19,6.05,113.0
738,22.36,0.74,4.26,1120.0,,-0.4,5.07,113.0
739,22.36,0.74,4.26,1108.0,,-1.37,3.9,113.0
740,22.36,0.74,4.26,1084.0,,-2.55,-1.37,113.0
741,22.42,0.74,4.27,1071.0,,-3.72,-1.96,113.0
742,22.42,0.74,4.27,1047.0,,-4.69,-2.94,113.0
743,22.42,0.73,4.27,1026.0,,-5.67,-4.11,113.0
744,22.42,0.73,4.28,1011.0,,-6.65,-4.89,113.0
745,22.42,0.72,4.28,994.0,,-7.23,-5.67,113.0
746,22.42,0.72,4.28,971.0,,-8.01,-6.26,113.0
747,22.42,0.72,4.29,948.0,,-8.99,-6.84,113.0
748,22.42,0.72,4.29,924.0,,-9.19,-7.23,113.0
749,22.42,0.71,4.29,913.0,,-9.38,-7.62,113.0
750,22.42,0.71,4.29,895.0,,-4.3,-7.82,113.0
751,22.42,0.71,4.29,884.0,,-3.72,-7.82,113.0
752,21.95,0.8,4.19,878.0,,-3.33,-6.45,113.0
753,20.59,0.82,4.18,925.0,,-2.94,-1.37,113.0
754,19.88,0.83,4.16,952.0,,-8.21,-1.37,113.0
755,19.41,0.74,4.26,1062.0,,-9.19,-7.04,113.0
756,20.94,0.72,4.28,1106.0,,-9.97,-7.62,113.0
757,21.83,0.72,4.28,1030.0,,-10.36,-8.21,113.0
758,22.18,0.72,4.29,976.0,,-5.28,-8.6,113.0
759,22.3,0.71,4.29,940.0,,-4.89,-8.01,113.0
760,22.24,0.73,4.27,913.0,,-4.5,-7.23,113.0
761,22.07,0.73,4.28,893.0,,-4.11,-6.45,113.0
762,22.01,0.72,4.28,869.0,,-2.94,-1.37,113.0
763,22.01,0.71,4.3,844.0,,-2.15,-0.98,113.0
764,22.07,0.71,4.29,799.0,,-1.37,-0.4,113.0
765,21.89,0.71,4.29,782.0,,-1.37,-0.2,113.0
766,21.77,0.71,4.29,783.0,,-6.26,-0.01,113.0
767,21.71,0.71,4.29,770.0,,-6.45,-0.01,113.0
768,21.59,0.71,4.29,758.0,,-6.84,-0.4,113.0
769,21.48,0.72,4.28,741.0,,-7.23,-0.98,113.0
770,20.94,0.73,4.27,732.0,,-1.96,-6.06,113.0
771,20.53,0.74,4.26,704.0,,-1.96,-6.65,113.0
772,20.06,0.75,4.25,686.0,,-1.96,-7.43,113.0
773,19.71,0.76,4.24,675.0,,-2.94,-8.21,113.0
774,19.35,0.76,4.24,668.0,,-7.82,-8.99,113.0
775,19.0,0.77,4.23,666.0,,-8.21,-9.38,113.0
776,18.64,0.77,4.23,669.0,,-8.79,-9.77,113.0
777,18.41,0.78,4.23,678.0,,-9.58,-9.58,113.0
778,18.29,0.78,4.22,687.0,,-9.97,-4.5,113.0
779,18.11,0.79,4.22,696.0,,-10.16,-4.11,113.0
780,17.99,0.79,4.21,700.0,,-9.97,-3.13,113.0
781,17.88,0.79,4.22,716.0,,-4.3,-1.96,113.0
782,18.17,0.74,4.28,794.0,,-3.91,-0.4,113.0
783,19.35,0.72,4.28,839.0,,-2.94,0.77,113.0
784,20.12,0.72,4.28,845.0,,-1.37,0.97,113.0
785,20.65,0.72,4.28,839.0,,0.19,-4.11,113.0
786,20.94,0.73,4.28,789.0,,1.17,-4.11,113.0
787,20.83,0.76,4.25,724.0,,2.34,-3.91,113.0
788,20.06,0.77,4.23,676.0,,3.51,-2.94,113.0
789,19.41,0.77,4.23,648.0,,4.29,2.53,113.0
790,18.76,0.78,4.22,638.0,,-1.18,2.92,113.0
791,18.23,0.78,4.22,645.0,,-1.37,3.7,113.0
792,17.99,0.78,4.22,669.0,,-1.76,3.9,113.0
793,17.94,0.77,4.23,690.0,,-1.96,3.9,113.0
794,17.7,0.85,4.12,716.0,,-2.55,-1.37,113.0
795,15.93,0.93,4.06,793.0,,-4.11,-1.76,113.0
796,14.22,0.97,4.02,939.0,,-6.45,-4.3,113.0
797,13.16,1.01,3.99,1089.0,,-0.79,-3.33,113.0
798,12.8,1.02,3.97,1190.0,,2.53,3.9,113.0
799,12.68,1.06,3.94,1265.0,,-2.35,5.07,113.0
800,11.62,1.12,3.87,1325.0,,-3.52,-1.18,113.0
801,10.27,1.17,3.83,1400.0,,2.14,-2.74,113.0
802,9.62,1.18,3.82,1478.0,,-1.96,2.14,113.0
803,9.5,1.19,3.81,1527.0,,-3.13,2.73,113.0
804,9.56,1.19,3.81,1556.0,,2.53,-3.33,113.0
805,10.03,1.14,3.86,1573.0,,-3.13,2.34,113.0
806,11.09,1.14,3.86,1553.0,,1.56,-3.72,113.0
807,11.39,1.13,3.87,1551.0,,3.7,2.34,113.0
808,11.62,1.14,3.86,1571.0,,-1.96,4.68,113.0
809,11.68,1.14,3.86,1594.0,,3.31,-0.79,113.0
810,11.56,1.16,3.84,1630.0,,0.19,4.29,113.0
811,11.33,1.18,3.82,1678.0,,4.29,-0.98,113.0
812,10.68,1.2,3.79,1730.0,,-0.2,4.29,113.0
813,10.38,1.22,3.78,1777.0,,4.49,-0.98,113.0
814,10.27,1.23,3.76,1812.0,,5.85,5.07,113.0
815,9.73,1.27,3.73,1867.0,,5.66,0.77,113.0
816,9.38,1.28,3.71,1931.0,,0.38,5.27,113.0
817,9.14,1.29,3.71,1972.0,,6.05,0.58,113.0
818,9.2,1.31,3.69,2046.0,,-0.2,-0.59,113.0
819,9.38,1.32,3.69,2122.0,,-0.98,-0.98,113.0
820,9.5,1.32,3.68,2146.0,,-0.98,3.51,113.0
821,9.68,1.33,3.67,2250.0,,3.31,-2.15,113.0
822,9.73,1.33,3.67,2290.0,,-1.96,3.31,113.0
823,9.73,1.33,3.67,2314.0,,2.92,-2.35,113.0
824,9.97,1.31,3.72,2323.0,,-2.94,3.12,113.0
825,11.03,1.28,3.72,2148.0,,1.75,-2.94,111.2
826,10.62,1.28,3.74,1853.0,,-3.52,2.73,111.2
827,9.5,1.23,3.77,1713.0,,-5.08,-3.72,111.2
828,9.32,1.25,3.75,1714.0,,0.38,-4.11,111.2
829,8.55,1.28,3.72,1741.0,,-4.11,4.68,111.2
830,7.85,1.3,3.7,1779.0,,4.09,-1.18,111.2
831,7.61,1.3,3.7,1804.0,,-0.59,3.51,111.2
832,7.79,1.3,3.7,1813.0,,3.9,-1.96,111.2
833,7.61,1.32,3.68,1851.0,,-1.37,3.7,111.2
834,7.61,1.32,3.68,1868.0,,-1.57,3.12,113.0
835,7.61,1.33,3.68,1875.0,,-2.15,-1.37,113.0
836,7.61,1.33,3.67,1886.0,,-1.57,-2.15,113.0
837,7.67,1.33,3.67,1889.0,,3.12,-1.96,113.0
838,7.73,1.33,3.67,1901.0,,-1.76,3.12,113.0
839,7.73,1.33,3.67,1897.0,,3.12,2.92,113.0
840,7.67,1.32,3.68,1875.0,,-2.35,-1.96,113.0
841,7.73,1.32,3.68,1870.0,,-1.96,2.92,113.0
842,7.79,1.32,3.68,1873.0,,2.92,-2.15,113.0
843,7.79,1.32,3.68,1866.0,,2.73,-1.96,113.0
844,7.67,1.32,3.68,1870.0,,-2.35,2.73,113.0
845,7.61,1.32,3.68,1860.0,,2.53,-1.96,113.0
846,7.55,1.32,3.68,1857.0,,-2.94,2.53,113.0
847,7.49,1.33,3.67,1853.0,,2.53,-2.55,113.0
848,7.26,1.33,3.67,1811.0,,-2.94,3.9,113.0
849,7.02,1.33,3.67,1779.0,,3.31,-2.35,113.0
850,6.96,1.32,3.68,1795.0,,-2.55,3.12,113.0
851,7.08,1.33,3.67,1809.0,,3.31,-1.76,113.0
852,7.14,1.33,3.67,1838.0,,-2.74,-1.57,113.0
853,7.2,1.34,3.65,1856.0,,-1.76,-2.15,113.0
854,6.84,1.36,3.64,1866.0,,2.73,-1.57,113.0
855,6.9,1.36,3.65,1896.0,,-2.35,3.12,113.0
856,7.02,1.35,3.65,1922.0,,2.53,-2.55,113.0
857,7.14,1.36,3.65,1934.0,,-2.94,2.92,113.0
858,7.26,1.36,3.65,1947.0,,2.73,-2.55,113.0
859,7.32,1.36,3.65,1965.0,,-2.94,-1.76,113.0
860,7.38,1.36,3.64,1986.0,,-2.94,2.53,113.0
861,7.32,1.37,3.63,2016.0,,-3.13,2.92,113.0
862,7.2,1.38,3.62,2034.0,,-3.33,3.31,113.0
863,7.08,1.4,3.6,2063.0,,-2.74,2.53,113.0
864,6.9,1.4,3.6,2089.0,,2.34,2.34,113.0
865,7.02,1.4,3.6,2118.0,,1.95,-2.94,113.0
866,7.08,1.4,3.6,2142.0,,-3.52,-2.35,113.0
867,7.2,1.39,3.61,2146.0,,-3.72,2.53,113.0
868,7.43,1.4,3.61,2166.0,,1.36,2.53,113.0
869,7.43,1.4,3.61,2184.0,,0.97,-2.74,111.2
870,7.49,1.4,3.6,2204.0,,-4.5,-2.55,111.2
871,7.61,1.4,3.6,2220.0,,-3.72,2.14,111.2
872,7.61,1.4,3.6,2238.0,,0.97,-3.33,111.2
873,7.67,1.4,3.6,2254.0,,-4.11,-2.94,111.2
874,7.79,1.4,3.6,2266.0,,-3.91,1.75,111.2
875,7.85,1.4,3.61,2293.0,,1.95,-3.91,111.2
876,8.08,1.39,3.62,2308.0,,0.97,-3.72,111.2
877,8.61,1.37,3.63,2324.0,,-4.69,-3.91,111.2
878,8.97,1.37,3.63,2451.0,,-4.69,1.17,111.2
879,9.44,1.35,3.66,2425.0,,-4.89,-4.69,111.2
880,9.91,1.34,3.66,2469.0,,-3.52,-4.5,111.2
881,10.21,1.33,3.67,2461.0,,-4.5,0.19,111.2
882,10.91,1.3,3.7,2474.0,,-4.69,-0.2,111.2
883,11.33,1.28,3.73,2201.0,,0.38,-4.89,111.2
884,11.5,1.19,3.83,1792.0,,-5.28,0.19,111.2
885,11.74,1.12,3.88,1593.0,,-7.43,-6.06,111.2
886,11.8,1.12,3.88,1554.0,,-8.6,-6.65,111.2
887,11.92,1.13,3.87,1574.0,,-4.11,1.56,111.2
888,11.8,1.13,3.87,1596.0,,1.95,3.7,111.2
889,11.56,1.15,3.85,1596.0,,-2.94,2.92,111.2
890,11.33,1.15,3.85,1607.0,,1.75,-1.96,111.2
891,11.21,1.15,3.85,1602.0,,-2.55,2.73,111.2
892,11.15,1.15,3.85,1588.0,,2.14,-2.15,111.2
893,11.03,1.15,3.85,1580.0,,-1.96,2.92,111.2
894,11.03,1.15,3.85,1569.0,,-2.74,-1.57,111.2
895,10.91,1.15,3.85,1535.0,,3.51,3.51,111.2
896,10.8,1.15,3.85,1511.0,,-2.55,4.68,111.2
897,10.68,1.14,3.86,1463.0,,2.92,-1.76,111.2
898,10.68,1.14,3.86,1467.0,,-1.76,4.29,111.2
899,10.62,1.15,3.85,1469.0,,4.29,-1.76,111.2
900,10.38,1.17,3.83,1476.0,,-1.96,4.88,111.2
901,9.79,1.18,3.82,1467.0,,4.49,-1.76,111.2
902,9.62,1.17,3.83,1471.0,,-1.76,3.9,111.2
903,9.73,1.17,3.83,1473.0,,4.29,-1.57,111.2
904,9.79,1.17,3.83,1488.0,,-1.57,-1.18,111.2
905,9.79,1.17,3.83,1487.0,,-0.98,3.31,111.2
906,9.79,1.17,3.82,1493.0,,-1.96,-1.76,111.2
907,9.79,1.17,3.82,1496.0,,3.9,3.12,111.2
908,9.79,1.18,3.82,1502.0,,-1.96,-1.57,111.2
909,9.68,1.18,3.82,1511.0,,-1.18,3.31,111.2
910,9.62,1.18,3.82,1514.0,,-1.76,-0.79,111.2
911,9.68,1.17,3.83,1517.0,,-1.37,-1.76,111.2
912,9.85,1.17,3.83,1524.0,,-1.96,-1.37,111.2
913,10.03,1.17,3.83,1523.0,,-1.76,3.12,111.2
914,10.03,1.17,3.83,1527.0,,-2.15,-1.37,111.2
915,10.03,1.17,3.83,1529.0,,-1.76,3.31,111.2
916,10.09,1.17,3.83,1537.0,,2.92,-1.37,111.2
917,10.15,1.17,3.83,1542.0,,-2.15,3.31,111.2
918,10.21,1.17,3.83,1543.0,,2.34,-1.37,111.2
919,10.27,1.16,3.85,1542.0,,-2.55,3.51,111.2
920,10.68,1.15,3.85,1549.0,,1.95,-1.76,111.2
921,10.86,1.15,3.85,1556.0,,-2.35,3.51,111.2
922,11.03,1.15,3.85,1554.0,,2.34,-1.37,109.4
923,11.09,1.15,3.85,1560.0,,-2.55,2.92,109.4
924,11.15,1.15,3.85,1562.0,,2.73,-1.57,109.4
925,11.15,1.15,3.85,1568.0,,-1.18,3.31,109.4
926,11.09,1.15,3.85,1571.0,,-2.15,-1.76,109.4
927,11.15,1.15,3.85,1576.0,,3.31,-1.76,109.4
928,11.15,1.15,3.85,1578.0,,-2.15,-1.37,109.4
929,11.33,1.14,3.86,1572.0,,2.34,-2.35,109.4
930,11.5,1.14,3.86,1578.0,,-2.35,3.12,109.4
931,11.56,1.14,3.86,1577.0,,-3.33,-1.96,109.4
932,11.56,1.14,3.86,1580.0,,1.95,-1.57,109.4
933,11.56,1.14,3.86,1583.0,,-3.72,3.7,109.4
934,11.62,1.14,3.86,1580.0,,2.53,-2.55,109.4
935,11.62,1.14,3.86,1592.0,,-3.91,2.73,109.4
936,11.92,1.1,3.9,1594.0,,2.14,-2.35,109.4
937,13.16,1.05,3.96,1593.0,,-3.13,2.34,109.4
938,14.99,0.97,4.04,1585.0,,1.56,4.68,109.4
939,16.64,0.94,4.06,1583.0,,1.75,-0.79,109.4
940,17.52,0.94,4.06,1596.0,,-4.11,4.49,109.4
941,18.05,0.93,4.08,1612.0,,0.77,6.44,109.4
942,20.18,0.72,4.28,1569.0,,1.36,0.77,109.4
943,22.18,0.73,4.27,1562.0,,-4.3,-0.59,109.4
944,22.77,0.73,4.27,1537.0,,-4.69,-1.18,109.4
945,23.07,0.73,4.27,1554.0,,-5.67,3.7,109.4
946,23.19,0.73,4.27,1532.0,,-6.26,4.09,109.4
947,23.25,0.73,4.27,1529.0,,-6.26,4.88,109.4
948,23.3,0.73,4.27,1479.0,,-4.5,6.24,109.4
949,23.3,0.73,4.27,1406.0,,0.77,7.42,109.4
950,23.07,0.74,4.26,1258.0,,1.75,9.37,109.4
951,22.89,0.73,4.28,1076.0,,3.12,10.34,111.2
952,22.66,0.72,4.28,1091.0,,4.49,11.91,111.2
953,22.54,0.72,4.28,1075.0,,6.24,12.88,111.2
954,22.54,0.72,4.28,1059.0,,6.83,7.81,111.2
955,22.18,0.74,4.26,1053.0,,7.02,7.61,111.2
956,22.01,0.74,4.26,1054.0,,6.44,7.02,111.2
957,22.01,0.72,4.28,1001.0,,0.77,5.85,111.2
958,22.12,0.72,4.29,963.0,,0.19,5.27,111.2
959,22.12,0.71,4.29,949.0,,-0.01,4.49,111.2
960,22.12,0.71,4.29,941.0,,-0.4,3.31,111.2
961,22.12,0.71,4.29,932.0,,-1.57,2.34,111.2
962,22.12,0.71,4.29,916.0,,-2.35,1.56,111.2
963,22.12,0.71,4.29,901.0,,-3.13,0.58,111.2
964,22.07,0.71,4.3,880.0,,-3.91,-0.2,111.2
965,22.07,0.7,4.3,870.0,,-4.69,-0.98,111.2
966,22.01,0.71,4.24,855.0,,-5.67,-1.96,111.2
967,20.71,0.81,4.2,866.0,,-6.65,-2.74,111.2
968,19.76,0.83,4.17,920.0,,-7.62,-4.11,111.2
969,19.06,0.86,4.15,968.0,,-8.79,-5.28,111.2
970,18.58,0.78,4.23,1072.0,,-9.97,-6.84,111.2
971,20.18,0.72,4.28,1121.0,,-11.14,-8.01,111.2
972,21.48,0.72,4.28,1030.0,,-11.72,-8.79,111.2
973,21.89,0.72,4.29,971.0,,-12.11,-9.38,111.2
974,22.07,0.71,4.29,925.0,,-6.84,-9.58,111.2
975,22.12,0.71,4.3,888.0,,-6.84,-9.38,111.2
976,22.12,0.72,4.21,866.0,,-6.26,-8.01,111.2
977,19.88,0.97,4.0,976.0,,-4.5,-2.35,111.2
978,15.22,1.14,3.84,1255.0,,-10.16,-2.35,111.2
979,9.38,1.26,3.74,1442.0,,-5.08,-8.01,111.2
980,6.78,1.32,3.68,1618.0,,-8.79,-3.33,111.2
981,6.14,1.34,3.66,1658.0,,-2.94,0.38,111.2
982,5.96,1.35,3.65,1692.0,,1.95,-5.87,111.2
983,5.9,1.35,3.65,1677.0,,-4.11,1.36,111.2
984,5.84,1.35,3.65,1709.0,,1.56,-4.89,111.2
985,5.96,1.35,3.65,1714.0,,-4.5,-4.11,111.2
986,5.96,1.35,3.65,1713.0,,-3.72,0.77,111.2
987,5.96,1.36,3.65,1714.0,,1.17,-3.91,111.2
988,5.9,1.36,3.65,1710.0,,-3.33,1.36,111.2
989,5.9,1.36,3.65,1719.0,,1.56,-3.91,111.2
990,5.84,1.36,3.64,1713.0,,-3.72,2.73,111.2
991,5.66,1.37,3.63,1733.0,,-2.55,1.75,111.2
992,5.6,1.38,3.62,1732.0,,3.31,-3.33,111.2
993,5.49,1.38,3.62,1747.0,,2.53,-3.13,111.2
994,5.49,1.38,3.63,1745.0,,2.34,-2.55,111.2
995,5.66,1.37,3.63,1750.0,,-2.74,2.14,111.2
996,5.84,1.37,3.63,1772.0,,2.53,-3.13,111.2
997,5.9,1.37,3.63,1781.0,,-2.74,-2.74,111.2
998,5.9,1.37,3.63,1766.0,,3.31,2.14,109.4
999,5.9,1.37,3.63,1771.0,,-2.74,-2.55,109.4
1000,5.96,1.37,3.63,1779.0,,-2.74,2.53,109.4
1001,5.96,1.37,3.63,1772.0,,2.73,1.95,109.4
1002,5.96,1.37,3.63,1787.0,,-3.13,-2.55,109.4
1003,6.02,1.37,3.63,1786.0,,3.12,2.14,109.4
1004,6.02,1.37,3.63,1788.0,,2.53,-2.74,109.4
1005,6.02,1.37,3.63,1788.0,,-2.55,2.53,109.4
1006,5.96,1.37,3.63,1790.0,,2.92,-2.94,109.4
1007,5.96,1.38,3.63,1792.0,,-2.74,-2.35,109.4
1008,5.96,1.38,3.63,1798.0,,-2.15,2.53,109.4
1009,5.96,1.37,3.63,1802.0,,-2.94,-2.55,109.4
1010,5.9,1.37,3.63,1799.0,,-2.15,2.34,109.4
1011,6.02,1.38,3.62,1811.0,,2.53,-2.94,109.4
1012,5.9,1.38,3.62,1814.0,,-3.13,-2.35,109.4
1013,5.9,1.38,3.62,1809.0,,2.34,-2.94,109.4
1014,5.9,1.38,3.62,1820.0,,-2.94,-2.35,109.4
1015,5.84,1.39,3.61,1821.0,,-2.15,2.53,109.4
1016,5.84,1.4,3.6,1825.0,,2.34,-2.55,109.4
1017,5.6,1.41,3.59,1821.0,,-1.96,2.73,109.4
1018,5.49,1.4,3.6,1820.0,,-2.74,-2.35,109.4
1019,5.55,1.4,3.6,1807.0,,2.92,3.51,109.4
1020,5.55,1.4,3.61,1816.0,,2.53,-0.98,109.4
1021,5.6,1.4,3.6,1815.0,,-2.94,3.12,109.4
1022,5.6,1.4,3.6,1828.0,,3.12,-2.55,109.4
1023,5.66,1.4,3.6,1834.0,,-2.15,-2.74,109.4
1024,5.72,1.4,3.61,1839.0,,-2.15,1.95,109.4
1025,5.72,1.39,3.61,1790.0,,2.53,-3.13,109.4
1026,5.72,1.38,3.62,1799.0,,-3.13,-3.13,109.4
1027,5.78,1.38,3.62,1799.0,,-2.94,2.14,109.4
1028,5.78,1.38,3.62,1800.0,,1.75,-2.35,109.4
1029,5.72,1.38,3.62,1786.0,,-2.74,2.14,109.4
1030,5.66,1.39,3.62,1768.0,,2.14,-2.74,109.4
1031,5.6,1.38,3.62,1754.0,,-2.74,2.14,109.4
1032,5.55,1.38,3.62,1737.0,,2.34,-2.94,109.4
1033,5.49,1.38,3.63,1726.0,,-2.94,2.34,109.4
1034,5.43,1.37,3.63,1676.0,,-2.55,1.95,109.4
1035,5.31,1.36,3.64,1658.0,,-2.94,-2.94,109.4
1036,5.25,1.36,3.64,1639.0,,-3.33,1.95,109.4
1037,5.19,1.36,3.64,1612.0,,2.14,2.14,109.4
1038,4.9,1.36,3.64,1535.0,,1.75,4.09,109.4
1039,4.72,1.37,3.63,1529.0,,-1.96,-2.35,109.4
1040,4.48,1.38,3.62,1556.0,,4.09,-1.37,109.4
1041,4.42,1.39,3.61,1561.0,,-1.18,3.51,109.4
1042,4.42,1.39,3.62,1572.0,,3.7,-1.57,109.4
1043,4.6,1.38,3.62,1588.0,,-2.35,3.9,109.4
1044,4.66,1.38,3.62,1602.0,,3.12,-2.15,109.4
1045,4.78,1.38,3.62,1609.0,,2.92,-2.15,109.4
1046,4.84,1.38,3.62,1620.0,,-1.96,2.73,109.4
1047,4.9,1.38,3.62,1633.0,,2.73,-3.13,109.4
1048,4.96,1.38,3.62,1636.0,,-2.35,2.92,109.4
1049,5.07,1.38,3.63,1654.0,,-2.35,-2.94,109.4
1050,5.13,1.38,3.63,1663.0,,2.53,2.73,109.4
1051,5.19,1.38,3.63,1678.0,,-2.55,2.53,109.4
1052,5.37,1.37,3.63,1696.0,,2.34,-2.74,109.4
1053,5.43,1.37,3.64,1698.0,,-2.94,3.51,109.4
1054,5.55,1.37,3.63,1717.0,,3.12,-2.15,109.4
1055,5.55,1.38,3.63,1727.0,,-2.74,3.31,109.4
1056,5.49,1.39,3.62,1738.0,,3.7,3.31,109.4
1057,5.43,1.39,3.62,1742.0,,3.12,-1.18,109.4
1058,5.43,1.39,3.62,1758.0,,-1.37,3.7,109.4
1059,5.49,1.39,3.62,1763.0,,3.31,-0.79,109.4
1060,5.55,1.38,3.62,1765.0,,-1.37,4.09,109.4
1061,6.02,1.34,3.66,1785.0,,-2.15,-0.98,109.4
1062,6.84,1.31,3.7,1797.0,,-1.96,-1.57,109.4
1063,7.43,1.3,3.71,1787.0,,-2.74,-1.57,109.4
1064,7.79,1.3,3.7,1794.0,,1.95,-2.55,109.4
1065,7.91,1.3,3.7,1799.0,,-3.13,2.73,109.4
1066,7.61,1.32,3.69,1811.0,,1.75,-2.94,109.4
1067,7.49,1.3,3.71,1819.0,,-3.33,2.92,109.4
1068,8.26,1.26,3.74,1826.0,,1.36,-3.13,109.4
1069,8.97,1.26,3.74,1828.0,,-4.69,1.95,109.4
1070,9.14,1.26,3.74,1832.0,,0.38,-3.72,109.4
1071,9.2,1.26,3.74,1834.0,,-4.89,1.75,109.4
1072,9.26,1.26,3.74,1845.0,,0.19,-3.33,109.4
1073,9.2,1.26,3.74,1841.0,,0.19,-2.74,109.4
1074,9.32,1.26,3.74,1838.0,,-4.69,1.75,109.4
1075,9.56,1.25,3.75,1910.0,,0.19,-2.94,109.4
1076,10.09,1.27,3.73,1930.0,,-5.08,1.95,109.4
1077,10.15,1.23,3.77,1935.0,,0.77,-1.96,109.4
1078,10.8,1.24,3.76,1959.0,,-4.69,2.34,109.4
1079,11.03,1.23,3.77,1960.0,,-0.01,-2.35,109.4
1080,11.15,1.23,3.77,1974.0,,-5.28,2.53,109.4
1081,11.5,1.15,3.92,1841.0,,0.38,-1.96,109.4
1082,16.87,0.77,4.24,1374.0,,-5.67,-3.91,109.4
1083,21.18,0.72,4.29,1375.0,,-7.82,-5.47,109.4
1084,22.24,0.74,4.27,1363.0,,-8.79,-0.2,109.4
1085,22.6,0.75,4.26,1371.0,,-9.38,0.19,109.4
1086,22.66,0.75,4.25,1364.0,,-10.36,1.17,109.4
1087,22.71,0.75,4.25,1365.0,,-5.47,3.12,109.4
1088,22.71,0.76,4.24,1349.0,,-5.08,4.49,109.4
1089,22.71,0.76,4.24,1348.0,,-4.3,6.05,109.4
1090,22.71,0.76,4.24,1344.0,,-0.01,-0.01,109.4
1091,22.77,0.76,4.24,1304.0,,-0.01,-0.01,109.4
1092,22.77,0.76,4.24,1281.0,,-0.01,-0.01,109.4
1093,22.77,0.76,4.24,1330.0,,-0.01,-0.01,109.4
1094,22.77,0.76,4.24,1316.0,,-0.01,-0.01,109.4
1095,22.77,0.76,4.24,1307.0,,-0.01,-0.01,109.4
1096,22.77,0.75,4.25,1298.0,,-0.01,-0.01,109.4
1097,22.77,0.76,4.25,1283.0,,-0.01,-0.01,109.4
1098,22.71,0.76,4.25,1271.0,,-0.01,-0.01,109.4
1099,22.66,0.75,4.25,1254.0,,-0.01,-0.01,109.4
1100,22.66,0.75,4.25,1240.0,,-0.01,-0.01,109.4
1101,22.6,0.75,4.25,1223.0,,-0.01,-0.01,109.4
1102,22.6,0.75,4.25,1207.0,,-0.01,-0.01,109.4
1103,22.54,0.75,4.25,1187.0,,-0.01,-0.01,109.4
1104,22.48,0.75,4.26,1167.0,,-0.01,-0.01,109.4
1105,22.42,0.74,4.26,1148.0,,-0.01,-0.01,109.4
1106,22.42,0.74,4.26,1126.0,,-0.01,-0.01,109.4
1107,22.42,0.74,4.27,1110.0,,-0.01,-0.01,109.4
1108,22.42,0.74,4.27,1089.0,,-0.01,-0.01,109.4
1109,22.42,0.73,4.28,1069.0,,-0.01,-0.01,109.4
1110,22.42,0.73,4.28,1047.0,,-0.01,-0.01,109.4
1111,22.48,0.72,4.28,1012.0,,-0.01,-0.01,109.4
1112,22.48,0.72,4.28,1000.0,,-0.01,-0.01,109.4
1113,22.48,0.72,4.29,978.0,,-0.01,-0.01,109.4
1114,22.36,0.74,4.26,991.0,,11.91,11.91,109.4
1115,22.18,0.74,4.26,997.0,,11.71,11.71,109.4
1116,22.07,0.74,4.26,992.0,,11.71,11.91,109.4
1117,22.12,0.72,4.28,937.0,,12.1,12.1,109.4
1118,22.18,0.72,4.29,895.0,,6.83,6.83,109.4
1119,22.18,0.72,4.29,884.0,,6.63,6.63,109.4
1120,22.18,0.72,4.29,879.0,,6.63,6.63,109.4
1121,22.12,0.72,4.29,867.0,,6.05,5.85,109.4
1122,22.07,0.71,4.29,858.0,,5.66,5.46,109.4
1123,22.01,0.71,4.22,846.0,,5.27,5.07,109.4
1124,20.94,0.81,4.19,856.0,,4.88,4.68,109.4
1125,20.06,0.82,4.18,908.0,,4.49,3.9,109.4
1126,19.47,0.85,4.15,955.0,,3.12,3.31,109.4
1127,18.82,0.87,4.13,1026.0,,2.14,1.95,109.4
1128,19.47,0.73,4.28,1142.0,,0.77,0.58,109.4
1129,21.3,0.73,4.28,1083.0,,-0.59,-0.4,109.4
1130,21.83,0.73,4.27,1021.0,,-1.18,-1.18,109.4
1131,22.07,0.72,4.28,964.0,,-2.15,-2.15,109.4
1132,22.18,0.72,4.29,933.0,,-2.94,-2.35,109.4
1133,22.24,0.71,4.29,878.0,,-3.52,-2.74,109.4
1134,22.24,0.71,4.29,835.0,,-4.11,2.34,109.4
1135,22.18,0.71,4.29,807.0,,-4.5,2.34,109.4
1136,21.95,0.71,4.29,815.0,,-4.69,2.73,109.4
1137,21.95,0.71,4.29,821.0,,-4.5,2.53,109.4
1138,21.95,0.71,4.29,816.0,,0.77,-2.94,109.4
1139,21.95,0.71,4.29,809.0,,0.97,-3.13,109.4
1140,21.95,0.71,4.3,807.0,,1.17,-3.52,109.4
1141,21.95,0.71,4.29,801.0,,0.58,-4.3,109.4
1142,21.89,0.71,4.29,790.0,,-4.69,-4.5,109.4
1143,21.83,0.71,4.29,791.0,,-5.08,-4.5,109.4
1144,21.83,0.71,4.29,783.0,,-5.28,0.58,109.4
1145,21.77,0.71,4.29,777.0,,-6.06,0.97,109.4
1146,21.71,0.71,4.29,767.0,,-6.45,0.77,109.4
1147,21.65,0.71,4.29,761.0,,-6.65,0.77,109.4
1148,21.48,0.72,4.28,747.0,,-7.04,-4.5,109.4
1149,21.24,0.73,4.28,741.0,,-7.04,-5.08,109.4
1150,21.0,0.73,4.27,737.0,,-1.96,-5.28,109.4
1151,20.77,0.74,4.26,729.0,,-1.96,-5.67,109.4
1152,20.41,0.75,4.26,709.0,,-1.96,-6.45,109.4
1153,20.12,0.75,4.25,687.0,,-2.35,-6.84,109.4
1154,19.76,0.76,4.25,684.0,,-7.62,-7.43,109.4
1155,19.53,0.76,4.24,676.0,,-8.01,-8.01,109.4
1156,19.18,0.77,4.24,670.0,,-8.21,-8.4,109.4
1157,18.94,0.77,4.23,674.0,,-9.19,-8.6,109.4
1158,18.76,0.77,4.23,680.0,,-9.58,-8.99,109.4
1159,18.58,0.78,4.22,686.0,,-9.77,-3.72,109.4
1160,18.41,0.78,4.23,694.0,,-9.77,-2.94,109.4
1161,18.35,0.77,4.23,698.0,,-8.4,-1.96,109.4
1162,18.35,0.78,4.23,697.0,,-3.13,-0.59,109.4
1163,18.35,0.78,4.22,744.0,,-2.74,0.58,109.4
1164,18.47,0.78,4.23,780.0,,-2.15,1.75,109.4
1165,19.06,0.72,4.29,817.0,,-0.2,2.73,109.4
1166,20.24,0.71,4.29,868.0,,-0.01,-2.74,109.4
1167,21.0,0.71,4.29,877.0,,-0.2,-2.74,109.4
1168,21.48,0.71,4.29,857.0,,-0.4,-2.74,109.4
1169,21.59,0.71,4.29,814.0,,1.36,-1.57,109.4
1170,21.65,0.71,4.29,792.0,,2.73,3.7,109.4
1171,21.65,0.71,4.29,798.0,,3.9,4.29,109.4
1172,21.65,0.72,4.29,790.0,,5.07,4.88,109.4
1173,21.65,0.71,4.29,788.0,,6.44,5.66,109.4
1174,21.65,0.71,4.29,795.0,,7.61,7.22,109.4
1175,21.65,0.71,4.29,797.0,,8.78,8.39,109.4
1176,21.65,0.71,4.29,796.0,,9.17,9.37,109.4
1177,21.65,0.71,4.29,795.0,,9.17,9.37,109.4
1178,21.65,0.71,4.26,792.0,,4.09,9.17,109.4
1179,21.18,0.77,4.24,846.0,,3.7,8.78,109.4
1180,20.53,0.82,4.17,925.0,,2.92,7.22,109.4
1181,19.76,0.86,4.14,1062.0,,1.36,2.34,109.4
1182,18.94,0.92,4.07,1220.0,,-0.2,0.77,109.4
1183,18.29,0.94,4.06,1434.0,,-1.18,5.66,109.4
1184,18.17,0.96,4.04,1446.0,,4.09,6.63,109.4
1185,17.94,0.96,4.04,1454.0,,4.68,8.0,109.4
1186,17.76,0.98,4.01,1507.0,,6.24,2.92,109.4
1187,17.35,0.99,4.01,1529.0,,0.58,1.56,109.4
1188,16.99,1.0,4.0,1557.0,,-0.98,6.63,109.4
1189,16.81,1.0,4.0,1583.0,,4.88,1.56,109.4
1190,16.81,1.0,4.0,1599.0,,-0.01,6.05,109.4
1191,16.81,1.0,4.0,1622.0,,-2.15,1.17,109.4
1192,16.93,1.0,4.01,1636.0,,2.53,-0.59,109.4
1193,17.29,0.98,4.02,1646.0,,3.31,-1.18,109.4
1194,17.7,0.96,4.04,1653.0,,-2.35,4.49,109.4
1195,18.29,0.94,4.06,1655.0,,-5.08,-0.79,109.4
1196,18.94,0.92,4.08,1645.0,,-0.2,-3.13,109.4
1197,19.29,0.91,4.1,1655.0,,-4.89,2.34,109.4
1198,20.0,0.87,4.13,1627.0,,-6.65,-2.55,109.4
1199,20.47,0.87,4.13,1497.0,,-7.23,-3.91,109.4
1200,20.36,0.86,4.15,1190.0,,-1.96,-4.11,109.4
1201,19.82,0.82,4.18,974.0,,-0.4,2.14,109.4
1202,19.53,0.8,4.2,954.0,,1.56,2.73,109.4
1203,19.53,0.8,4.2,962.0,,1.95,3.7,109.4
1204,19.53,0.8,4.2,957.0,,-3.33,3.31,109.4
1205,19.53,0.8,4.2,951.0,,-3.72,2.14,109.4
1206,19.53,0.78,4.23,947.0,,-4.69,-2.74,109.4
1207,20.18,0.72,4.29,923.0,,-5.28,-3.33,109.4
1208,20.94,0.71,4.29,877.0,,-5.87,-4.11,109.4
1209,21.42,0.71,4.29,830.0,,-6.65,-5.28,109.4
1210,21.54,0.72,4.28,799.0,,-1.37,-5.67,109.4
1211,21.42,0.72,4.28,787.0,,-1.18,-5.47,109.4
1212,21.36,0.72,4.29,792.0,,-0.4,-4.89,109.4
1213,21.36,0.71,4.29,792.0,,0.97,-2.74,109.4
1214,21.36,0.71,4.29,785.0,,2.53,2.53,109.4
1215,21.36,0.71,4.29,780.0,,4.09,3.31,109.4
1216,21.36,0.71,4.29,778.0,,4.29,4.49,109.4
1217,21.36,0.71,4.29,775.0,,-0.79,6.24,109.4
1218,21.3,0.71,4.29,772.0,,-0.98,6.05,109.4
1219,21.24,0.72,4.29,761.0,,-1.37,6.05,109.4
1220,21.18,0.72,4.29,763.0,,-1.57,0.38,109.4
1221,21.18,0.71,4.29,780.0,,3.7,-0.4,109.4
1222,21.24,0.71,4.29,779.0,,3.7,-0.98,109.4
1223,21.24,0.71,4.29,778.0,,-1.57,-2.15,109.4
1224,21.24,0.71,4.29,770.0,,-2.15,-3.13,111.2
1225,21.24,0.71,4.29,770.0,,-2.55,-3.72,111.2
1226,21.24,0.71,4.29,762.0,,-3.13,-4.11,111.2
1227,21.24,0.71,4.29,766.0,,2.14,-4.11,111.2
1228,21.24,0.71,4.29,765.0,,2.14,-3.33,111.2
1229,21.24,0.71,4.29,762.0,,3.12,-1.57,111.2
1230,21.24,0.71,4.29,769.0,,4.29,-0.01,111.2
1231,21.24,0.71,4.29,777.0,,4.88,5.07,111.2
1232,21.3,0.7,4.31,773.0,,-0.2,5.66,111.2
1233,21.42,0.7,4.31,774.0,,-0.4,5.66,111.2
1234,21.54,0.7,4.31,781.0,,-0.98,5.27,111.2
1235,21.59,0.7,4.31,792.0,,-1.76,3.9,111.2
1236,21.71,0.7,4.31,805.0,,-2.55,-1.37,111.2
1237,21.77,0.7,4.31,799.0,,-2.94,-1.76,111.2
1238,21.83,0.7,4.31,798.0,,-3.72,-2.35,111.2
1239,21.83,0.7,4.31,790.0,,-3.72,-3.13,111.2
1240,21.83,0.7,4.31,795.0,,-3.91,-3.72,111.2
1241,21.83,0.7,4.31,793.0,,-4.3,-4.5,111.2
1242,21.83,0.7,4.31,792.0,,-5.08,-5.08,111.2
1243,21.83,0.7,4.31,790.0,,-5.67,-5.67,111.2
1244,21.83,0.7,4.31,792.0,,-6.45,-6.65,111.2
1245,21.83,0.7,4.31,784.0,,-7.23,-7.43,111.2
1246,21.83,0.7,4.31,793.0,,-7.82,-8.01,111.2
1247,21.83,0.7,4.31,782.0,,-8.79,-8.79,111.2
1248,21.83,0.7,4.31,779.0,,-9.38,-9.19,111.2
1249,21.83,0.69,4.31,783.0,,-10.16,-9.77,111.2
1250,21.83,0.7,4.31,772.0,,-10.55,-10.36,111.2
1251,21.77,0.7,4.31,764.0,,-10.94,-10.55,111.2
1252,21.77,0.7,4.3,743.0,,-11.33,-11.14,111.2
1253,21.59,0.71,4.3,733.0,,-6.06,-10.94,111.2
1254,21.24,0.75,4.26,718.0,,-6.06,-10.94,111.2
1255,20.53,0.74,4.26,719.0,,-5.67,-9.77,111.2
1256,20.18,0.74,4.26,722.0,,-5.08,-8.99,111.2
1257,19.94,0.73,4.27,666.0,,-4.89,-3.91,111.2
1258,19.82,0.73,4.27,644.0,,-9.97,-3.91,111.2
1259,19.59,0.74,4.27,629.0,,-10.36,-3.72,111.2
1260,19.29,0.74,4.26,626.0,,-10.94,-4.11,111.2
1261,19.06,0.74,4.26,624.0,,-11.92,-9.77,111.2
1262,18.94,0.74,4.26,623.0,,-12.31,-9.97,111.2
1263,18.76,0.74,4.26,618.0,,-7.04,-10.36,111.2
1264,18.64,0.75,4.26,610.0,,-7.04,-10.55,111.2
1265,18.47,0.75,4.26,607.0,,-6.26,-10.16,111.2
1266,18.35,0.75,4.26,611.0,,-5.08,-8.6,111.2
1267,18.23,0.75,4.26,621.0,,-4.69,-3.91,111.2
1268,18.29,0.74,4.26,626.0,,-4.3,-3.72,111.2
1269,18.35,0.74,4.27,629.0,,-3.72,-3.33,111.2
1270,18.47,0.74,4.27,621.0,,-3.33,-2.74,111.2
1271,18.53,0.73,4.27,613.0,,-2.94,-2.35,111.2
1272,18.58,0.73,4.27,607.0,,-2.55,-1.96,111.2
1273,18.58,0.73,4.27,602.0,,-2.15,-1.57,111.2
1274,18.64,0.72,4.28,593.0,,-1.57,-1.18,111.2
1275,18.7,0.73,4.28,589.0,,-1.18,-0.79,111.2
1276,18.7,0.72,4.28,591.0,,-0.79,-0.4,111.2
1277,18.7,0.72,4.28,593.0,,-0.4,-0.01,111.2
1278,18.7,0.72,4.28,592.0,,-0.2,0.38,111.2
1279,18.7,0.72,4.28,596.0,,0.19,0.77,111.2
1280,18.7,0.72,4.28,594.0,,0.58,1.17,111.2
1281,18.7,0.72,4.28,591.0,,0.77,1.75,111.2
1282,18.7,0.73,4.28,591.0,,1.17,1.75,111.2
1283,18.7,0.72,4.28,602.0,,1.17,1.75,111.2
1284,18.7,0.72,4.28,596.0,,1.17,-0.59,111.2
1285,18.7,0.72,4.28,598.0,,1.17,-0.59,111.2
1286,18.7,0.72,4.28,599.0,,0.97,-0.79,111.2
1287,18.7,0.73,4.28,600.0,,-1.37,-1.18,111.2
1288,18.7,0.72,4.28,595.0,,-1.57,-1.37,111.2
1289,18.7,0.72,4.28,593.0,,-1.57,-1.57,111.2
1290,18.7,0.72,4.28,592.0,,-1.76,-1.57,111.2
1291,18.7,0.72,4.28,589.0,,-2.15,-1.76,111.2
1292,18.7,0.72,4.28,589.0,,-2.15,0.58,111.2
1293,18.7,0.72,4.28,591.0,,-2.35,0.77,111.2
1294,18.7,0.72,4.28,591.0,,-2.55,0.77,111.2
1295,18.7,0.72,4.28,588.0,,-2.55,0.77,111.2
1296,18.7,0.72,4.28,591.0,,-2.74,-1.57,111.2
1297,18.7,0.72,4.28,588.0,,-0.4,-1.76,111.2
1298,18.7,0.72,4.28,591.0,,-0.4,-1.76,111.2
1299,18.7,0.72,4.28,589.0,,-0.4,-1.96,111.2
1300,18.7,0.72,4.28,593.0,,-0.4,-1.96,111.2
1301,18.7,0.72,4.28,586.0,,-2.74,0.38,111.2
1302,18.7,0.72,4.28,586.0,,-2.74,0.58,111.2
1303,18.7,0.72,4.28,592.0,,-2.74,0.58,111.2
1304,18.7,0.73,4.28,590.0,,-2.74,0.77,111.2
1305,18.7,0.72,4.28,585.0,,-0.4,0.97,111.2
1306,18.7,0.72,4.28,588.0,,-0.2,-1.37,113.0
1307,18.7,0.72,4.28,588.0,,0.19,-1.37,113.0
1308,18.7,0.72,4.28,590.0,,0.38,-1.57,113.0
1309,18.7,0.72,4.28,591.0,,0.38,-1.57,113.0
1310,18.7,0.72,4.28,588.0,,-1.96,-1.76,113.0
1311,18.7,0.72,4.28,593.0,,-1.96,-1.76,113.0
1312,18.7,0.72,4.28,589.0,,-1.96,-1.96,113.0
1313,18.7,0.72,4.28,592.0,,-2.35,-1.96,113.0
1314,18.7,0.72,4.28,591.0,,-2.74,-2.35,113.0
1315,18.7,0.72,4.28,586.0,,-2.94,-2.74,113.0
1316,18.7,0.72,4.28,591.0,,-3.13,-2.94,113.0
1317,18.7,0.72,4.28,586.0,,-3.72,-3.13,113.0
1318,18.7,0.72,4.28,586.0,,-3.91,-3.33,113.0
1319,18.7,0.72,4.28,585.0,,-3.91,-3.52,113.0
1320,18.7,0.72,4.28,584.0,,-4.11,-3.52,113.0
1321,18.7,0.72,4.28,583.0,,-4.11,-1.18,113.0
1322,18.7,0.72,4.28,582.0,,-4.11,-0.98,113.0
1323,18.7,0.72,4.28,582.0,,-3.52,-0.79,113.0
1324,18.7,0.72,4.28,586.0,,-1.37,-0.79,113.0
1325,18.7,0.72,4.28,585.0,,-1.18,-0.59,113.0
1326,18.7,0.72,4.28,585.0,,-0.79,-2.94,113.0
1327,18.7,0.72,4.28,581.0,,-0.79,-2.94,113.0
1328,18.7,0.72,4.28,584.0,,-0.4,-2.94,113.0
1329,18.7,0.72,4.28,588.0,,-0.4,-3.13,113.0
1330,18.7,0.72,4.28,589.0,,-0.2,-3.33,113.0
1331,18.7,0.72,4.28,586.0,,-2.55,-3.33,113.0
1332,18.7,0.72,4.28,588.0,,-2.74,-3.52,113.0
1333,18.7,0.72,4.28,583.0,,-2.74,-1.18,113.0
1334,18.7,0.72,4.28,589.0,,-3.33,-1.18,113.0
1335,18.7,0.72,4.28,591.0,,-3.33,-1.18,113.0
1336,18.7,0.72,4.28,591.0,,-3.52,-3.52,113.0
1337,18.7,0.72,4.28,583.0,,-3.52,-3.52,113.0
1338,18.7,0.72,4.28,582.0,,-3.72,-3.52,113.0
1339,18.7,0.72,4.28,581.0,,-1.37,-3.72,113.0
1340,18.7,0.72,4.28,581.0,,-1.37,-3.72,113.0
1341,18.7,0.72,4.28,587.0,,-1.18,-3.52,113.0
1342,18.7,0.72,4.28,589.0,,-0.98,-0.98,113.0
1343,18.7,0.72,4.28,587.0,,-3.33,-0.79,113.0
1344,18.76,0.72,4.28,585.0,,-3.52,-0.4,113.0
1345,18.76,0.72,4.28,583.0,,-3.52,-0.4,113.0
1346,18.7,0.72,4.28,587.0,,-3.72,-2.55,113.0
1347,18.7,0.72,4.28,586.0,,-1.57,-2.74,113.0
1348,18.7,0.72,4.28,590.0,,-1.37,-2.74,113.0
1349,18.7,0.72,4.28,587.0,,-1.37,-2.94,113.0
1350,18.7,0.73,4.28,587.0,,-0.79,-3.13,113.0
1351,18.7,0.72,4.28,584.0,,-0.98,-0.79,113.0
1352,18.7,0.72,4.28,591.0,,-3.33,-0.79,113.0
1353,18.7,0.72,4.28,592.0,,-3.33,-0.79,113.0
1354,18.7,0.72,4.28,586.0,,-3.52,-3.33,113.0
1355,18.7,0.72,4.28,585.0,,-3.72,-3.33,113.0
1356,18.7,0.72,4.28,581.0,,-3.72,-3.33,113.0
1357,18.64,0.72,4.28,580.0,,-1.37,-3.52,113.0
1358,18.64,0.72,4.28,577.0,,-1.37,-3.52,113.0
1359,18.64,0.72,4.28,585.0,,-1.18,-2.94,113.0
1360,18.64,0.72,4.28,584.0,,-0.79,-0.59,113.0
1361,18.64,0.72,4.28,584.0,,-0.79,-0.4,113.0
1362,18.64,0.72,4.28,586.0,,-3.13,-0.4,113.0
1363,18.64,0.72,4.28,584.0,,-3.13,-0.2,113.0
1364,18.64,0.72,4.28,579.0,,-3.13,-0.2,113.0
1365,18.64,0.72,4.28,576.0,,-3.33,-0.4,114.8
1366,18.64,0.72,4.28,583.0,,-3.33,-2.74,114.8
1367,18.64,0.72,4.28,583.0,,-3.52,-2.94,114.8
1368,18.64,0.72,4.28,585.0,,-1.18,-2.94,114.8
1369,18.64,0.72,4.28,590.0,,-1.18,-3.13,114.8
1370,18.64,0.72,4.28,589.0,,-0.98,-3.13,114.8
1371,18.64,0.72,4.28,584.0,,-0.59,-0.59,114.8
1372,18.64,0.72,4.28,582.0,,-0.59,-0.4,114.8
1373,18.64,0.72,4.28,593.0,,-2.74,-0.01,114.8
1374,18.64,0.72,4.28,587.0,,-2.74,-0.01,114.8
1375,18.64,0.72,4.28,586.0,,-2.94,-0.01,114.8
1376,18.64,0.72,4.28,585.0,,-2.94,-0.01,114.8
1377,18.64,0.72,4.28,587.0,,-0.4,-2.35,114.8
1378,18.64,0.72,4.28,589.0,,-0.01,-2.35,114.8
1379,18.64,0.72,4.28,583.0,,0.19,-2.35,114.8
1380,18.64,0.72,4.28,588.0,,0.58,-0.01,114.8
1381,18.64,0.72,4.28,589.0,,0.97,0.19,114.8
1382,18.64,0.72,4.28,594.0,,0.97,0.58,114.8
1383,18.64,0.72,4.28,591.0,,-1.37,0.58,114.8
1384,18.64,0.72,4.28,586.0,,-1.37,0.77,114.8
1385,18.7,0.72,4.28,591.0,,-1.37,0.58,114.8
1386,18.7,0.72,4.28,589.0,,-1.57,-1.76,114.8
1387,18.7,0.72,4.28,589.0,,-1.76,-1.96,114.8
1388,18.7,0.72,4.28,586.0,,-2.15,-2.15,114.8
1389,18.7,0.72,4.28,581.0,,-2.35,-2.15,114.8
1390,18.7,0.72,4.28,578.0,,-2.35,-2.35,114.8
1391,18.64,0.72,4.28,583.0,,-0.01,-2.35,114.8
1392,18.64,0.72,4.28,581.0,,-0.01,-2.35,114.8
1393,18.64,0.72,4.28,581.0,,0.19,-1.57,114.8
1394,18.64,0.72,4.28,580.0,,0.58,0.77,114.8
1395,18.64,0.72,4.28,578.0,,-1.76,0.97,114.8
1396,18.64,0.72,4.28,580.0,,-1.76,1.17,114.8
1397,18.64,0.72,4.28,584.0,,-1.76,1.17,114.8
1398,18.64,0.72,4.28,584.0,,-1.96,1.36,114.8
1399,18.64,0.72,4.28,581.0,,-2.15,-0.98,114.8
1400,18.64,0.72,4.28,587.0,,-2.15,-1.18,114.8
1401,18.64,0.72,4.28,580.0,,0.19,-1.18,114.8
1402,18.64,0.72,4.28,581.0,,0.19,-1.37,114.8
1403,18.64,0.72,4.28,587.0,,0.38,-1.57,114.8
1404,18.64,0.72,4.28,583.0,,-1.96,-1.76,114.8
1405,18.64,0.72,4.28,583.0,,-1.96,-1.76,114.8
1406,18.64,0.72,4.28,578.0,,-2.15,-1.76,114.8
1407,18.64,0.72,4.28,576.0,,-2.15,0.58,114.8
1408,18.64,0.72,4.28,583.0,,-2.15,0.58,114.8
1409,18.64,0.72,4.28,584.0,,-2.15,0.58,114.8
1410,18.58,0.72,4.28,584.0,,-1.76,0.77,114.8
1411,18.58,0.72,4.28,578.0,,-1.37,1.17,114.8
1412,18.58,0.72,4.28,576.0,,0.97,0.97,114.8
1413,18.58,0.72,4.28,582.0,,0.97,-1.37,114.8
1414,18.58,0.72,4.28,585.0,,1.17,-1.37,114.8
1415,18.58,0.72,4.28,577.0,,1.17,-1.57,114.8
1416,18.58,0.72,4.28,582.0,,1.17,-1.76,114.8
1417,18.58,0.72,4.28,582.0,,-1.18,-1.76,114.8
1418,18.58,0.72,4.28,579.0,,-1.18,-1.96,114.8
1419,18.58,0.72,4.28,578.0,,-1.37,-2.15,116.6
1420,18.58,0.72,4.28,576.0,,-1.57,-2.15,116.6
1421,18.58,0.72,4.28,581.0,,-1.57,-2.35,116.6
1422,18.58,0.72,4.28,583.0,,-1.76,-2.35,116.6
1423,18.58,0.72,4.28,589.0,,-1.96,-2.35,116.6
1424,18.58,0.72,4.28,585.0,,-2.15,-2.55,116.6
1425,18.58,0.72,4.28,587.0,,-2.15,-2.55,116.6
1426,18.58,0.72,4.28,588.0,,-2.15,-0.2,116.6
1427,18.58,0.72,4.28,584.0,,-2.35,-0.2,116.6
1428,18.58,0.72,4.28,586.0,,-2.35,-0.01,116.6
1429,18.58,0.72,4.28,581.0,,-2.15,0.19,116.6
1430,18.58,0.72,4.28,581.0,,0.19,0.19,116.6
1431,18.58,0.72,4.28,587.0,,0.38,-2.15,116.6
1432,18.58,0.72,4.28,590.0,,0.58,-2.15,116.6
1433,18.58,0.72,4.28,589.0,,0.58,-2.35,116.6
1434,18.58,0.72,4.28,589.0,,0.58,-2.35,116.6
1435,18.58,0.72,4.28,588.0,,-1.76,-2.35,116.6
1436,18.58,0.72,4.28,590.0,,-1.76,-0.01,116.6
1437,18.58,0.72,4.28,586.0,,-1.96,-0.01,116.6
1438,18.58,0.72,4.28,581.0,,-1.96,-0.01,116.6
1439,18.58,0.72,4.28,578.0,,-1.96,-0.01,116.6
1440,18.58,0.72,4.28,580.0,,0.19,-2.35,116.6
1441,18.58,0.72,4.28,583.0,,0.19,-2.35,116.6
1442,18.58,0.72,4.28,580.0,,0.19,-2.55,116.6
1443,18.58,0.72,4.28,584.0,,0.38,-2.55,116.6
1444,18.58,0.72,4.28,580.0,,0.38,-2.55,116.6
1445,18.58,0.72,4.28,583.0,,-1.96,-0.2,116.6
1446,18.58,0.72,4.28,583.0,,-2.15,-0.2,116.6
1447,18.58,0.72,4.28,586.0,,-2.15,-0.01,116.6
1448,18.58,0.72,4.28,586.0,,-2.15,0.38,116.6
1449,18.58,0.72,4.28,586.0,,-0.01,0.38,116.6
1450,18.58,0.72,4.28,588.0,,0.19,0.58,116.6
1451,18.58,0.72,4.28,589.0,,0.19,-1.76,116.6
1452,18.58,0.72,4.28,587.0,,0.38,-1.76,116.6
1453,18.58,0.72,4.28,587.0,,0.19,-1.96,116.6
1454,18.58,0.72,4.28,583.0,,-0.01,-1.96,116.6
