frame,MAP Vacuum,TPS 1 Volts,TPS 2 Volts,ETC Directional Duty Cycle,Engine Speed,Injector Pulse Width Cylinder 7,Injector Pulse Width Cylinder 8,1/1 Short Term ADAP
0,19.94,0.71,4.29,-11.29,576.0,1520.0,1528.0,-1.76
1,19.94,0.71,4.29,-12.55,577.0,1536.0,1544.0,-1.76
2,19.94,0.71,4.29,-12.96,575.0,1504.0,1512.0,-1.96
3,19.94,0.71,4.29,-12.55,586.0,1504.0,1520.0,-2.15
4,19.94,0.71,4.29,-12.55,578.0,1528.0,1528.0,-2.35
5,19.94,0.71,4.29,-12.55,576.0,1528.0,1576.0,-2.35
6,19.88,0.71,4.29,-12.13,575.0,1536.0,1576.0,-2.35
7,19.88,0.71,4.29,-12.55,578.0,1520.0,1576.0,-2.35
8,19.88,0.72,4.29,-12.55,577.0,1536.0,1576.0,-1.96
9,19.88,0.71,4.29,-12.55,577.0,1544.0,1560.0,0.38
10,19.88,0.72,4.29,-12.55,578.0,1576.0,1552.0,0.58
11,19.88,0.72,4.25,-1.24,592.0,2904.0,3176.0,1.36
12,18.82,0.74,4.27,-16.13,634.0,1968.0,1904.0,1.36
13,19.06,0.72,4.27,-7.0,670.0,1912.0,1856.0,1.95
14,19.29,0.74,4.28,-11.52,730.0,1640.0,1664.0,-0.59
15,20.06,0.72,4.29,-9.47,695.0,1472.0,1480.0,-0.79
16,20.41,0.71,4.29,-17.48,651.0,1368.0,1384.0,-0.98
17,20.53,0.71,4.29,-9.16,609.0,1336.0,1344.0,-1.18
18,20.47,0.72,4.28,-9.67,583.0,2416.0,2416.0,-1.57
19,19.82,0.76,4.25,-15.13,579.0,1680.0,1672.0,-1.76
20,19.35,0.75,4.25,-13.53,576.0,1752.0,1744.0,-1.76
21,18.88,0.78,4.22,-9.11,547.0,3184.0,2072.0,-2.15
22,17.7,0.82,4.18,-7.01,560.0,2496.0,2520.0,-2.35
23,16.7,0.83,4.17,-8.54,619.0,2760.0,2744.0,-2.55
24,16.22,0.82,4.18,-11.6,686.0,2792.0,2776.0,-2.94
25,16.58,0.88,4.07,26.9,710.0,3496.0,3448.0,-5.28
26,13.86,0.88,4.15,-16.33,855.0,3656.0,3696.0,-4.69
27,15.1,0.8,4.22,-2.52,901.0,2752.0,2904.0,-4.69
28,17.46,0.81,4.2,-7.94,767.0,2320.0,2296.0,-2.55
29,17.7,0.8,4.21,2.52,678.0,2368.0,2272.0,-2.35
30,17.29,0.83,4.17,-8.41,679.0,2616.0,2536.0,-2.15
31,16.76,0.79,4.2,-3.33,715.0,2640.0,2608.0,-1.37
32,17.17,0.79,4.21,-11.24,699.0,2480.0,2480.0,-0.59
33,17.4,0.79,4.21,-10.87,680.0,2456.0,2448.0,-0.01
34,17.46,0.79,4.21,-9.57,679.0,2480.0,2448.0,0.38
35,17.46,0.79,4.21,-9.2,679.0,2456.0,2408.0,0.97
36,17.46,0.79,4.21,-10.41,681.0,2480.0,2488.0,1.56
37,17.46,0.79,4.21,-8.74,680.0,2520.0,2488.0,2.14
38,17.46,0.79,4.21,-6.66,684.0,2480.0,2504.0,2.73
39,17.52,0.79,4.21,-7.44,684.0,2496.0,2488.0,3.12
40,17.58,0.79,4.21,-7.91,687.0,2480.0,2456.0,3.12
41,17.58,0.79,4.21,-7.91,684.0,2416.0,2472.0,0.77
42,17.58,0.79,4.21,-7.91,691.0,2424.0,2488.0,0.77
43,17.58,0.79,4.21,-7.86,689.0,2392.0,2448.0,0.77
44,17.64,0.79,4.21,-7.49,676.0,2384.0,2352.0,0.58
45,17.64,0.79,4.21,-6.2,685.0,2448.0,2376.0,2.92
46,17.64,0.79,4.21,-9.93,686.0,2440.0,2384.0,2.92
47,17.64,0.79,4.21,-12.49,684.0,2440.0,2376.0,2.92
48,17.64,0.79,4.21,-13.74,683.0,2360.0,2448.0,0.58
49,17.64,0.79,4.21,-12.41,681.0,2384.0,2432.0,0.58
50,17.64,0.79,4.21,-12.07,683.0,2384.0,2448.0,0.58
51,17.64,0.79,4.21,-12.07,680.0,2448.0,2472.0,2.92
52,17.7,0.79,4.21,-9.16,684.0,2448.0,2472.0,2.92
53,17.7,0.79,4.21,-8.68,685.0,2448.0,2400.0,2.92
54,17.7,0.79,4.21,-9.57,689.0,2416.0,2400.0,2.92
55,17.7,0.79,4.21,-9.99,688.0,2448.0,2384.0,0.38
56,17.7,0.79,4.21,-9.16,685.0,2344.0,2376.0,0.38
57,17.7,0.79,4.21,-7.91,685.0,2328.0,2368.0,0.19
58,17.7,0.8,4.21,-7.07,681.0,2344.0,2368.0,0.19
59,17.7,0.8,4.21,-7.49,685.0,2320.0,2352.0,-0.01
60,17.7,0.8,4.2,-7.91,688.0,2344.0,2408.0,-0.2
61,17.7,0.8,4.2,-9.57,685.0,2352.0,2416.0,-0.01
62,17.7,0.79,4.21,-11.66,683.0,2344.0,2360.0,2.53
63,17.7,0.79,4.21,-11.66,684.0,2408.0,2368.0,2.73
64,17.7,0.79,4.21,-14.22,690.0,2440.0,2368.0,3.31
65,17.7,0.79,4.21,-13.8,681.0,2432.0,2448.0,3.31
66,17.7,0.79,4.21,-15.89,681.0,2384.0,2432.0,0.97
67,17.76,0.79,4.21,-14.57,673.0,2360.0,2432.0,0.97
68,17.76,0.79,4.21,-11.71,680.0,2328.0,2392.0,0.97
69,17.76,0.79,4.21,-11.71,679.0,2328.0,2336.0,0.77
70,17.76,0.79,4.21,-11.77,677.0,2328.0,2328.0,0.58
71,17.76,0.79,4.21,-13.8,677.0,2328.0,2304.0,0.58
72,17.76,0.79,4.21,-17.56,682.0,2368.0,2336.0,2.73
73,17.76,0.79,4.21,-16.31,671.0,2336.0,2304.0,2.73
74,17.82,0.79,4.21,-15.89,669.0,2344.0,2280.0,2.73
75,17.82,0.79,4.21,-13.03,670.0,2264.0,2352.0,0.19
76,17.82,0.79,4.21,-11.35,673.0,2296.0,2368.0,0.19
77,17.82,0.79,4.21,-12.55,673.0,2248.0,2304.0,-0.01
78,17.82,0.79,4.21,-15.13,669.0,2256.0,2320.0,-0.01
79,17.82,0.79,4.21,-17.66,669.0,2248.0,2256.0,-0.2
80,17.82,0.79,4.22,-17.24,667.0,2224.0,2272.0,-0.2
81,17.82,0.79,4.21,-14.29,668.0,2320.0,2224.0,2.14
82,17.82,0.79,4.22,-13.03,666.0,2296.0,2264.0,2.14
83,17.82,0.79,4.22,-17.15,663.0,2280.0,2256.0,2.34
84,17.82,0.78,4.22,-17.24,665.0,2352.0,2304.0,2.34
85,17.88,0.78,4.22,-16.73,655.0,2192.0,2280.0,-0.01
86,17.88,0.78,4.22,-17.66,656.0,2208.0,2320.0,-0.01
87,17.88,0.78,4.22,-15.97,659.0,2200.0,2336.0,-0.2
88,17.88,0.78,4.22,-16.82,657.0,2296.0,2240.0,2.14
89,17.88,0.78,4.22,-17.66,656.0,2320.0,2280.0,2.14
90,17.88,0.78,4.22,-17.24,653.0,2280.0,2256.0,2.34
91,17.94,0.78,4.22,-15.56,649.0,2256.0,2224.0,-0.01
92,17.94,0.78,4.22,-14.29,652.0,2200.0,2288.0,-0.2
93,17.94,0.78,4.22,-15.13,648.0,2224.0,2320.0,-0.2
94,17.94,0.78,4.22,-15.56,649.0,2176.0,2264.0,-0.4
95,17.94,0.78,4.22,-18.5,648.0,2176.0,2264.0,-0.59
96,17.94,0.78,4.22,-16.4,653.0,2168.0,2264.0,-0.79
97,17.94,0.78,4.22,-16.82,654.0,2200.0,2176.0,-0.79
98,17.94,0.78,4.22,-16.82,647.0,2208.0,2184.0,-0.98
99,17.94,0.78,4.22,-15.56,647.0,2208.0,2184.0,-1.18
100,17.94,0.78,4.22,-16.4,641.0,2232.0,2152.0,-1.37
101,17.94,0.78,4.22,-17.24,642.0,2128.0,2192.0,-1.57
102,17.94,0.78,4.22,-18.92,640.0,2184.0,2200.0,-1.76
103,17.99,0.77,4.23,-15.13,639.0,2136.0,2184.0,-1.96
104,18.05,0.77,4.23,-16.82,637.0,2144.0,2168.0,-1.96
105,18.05,0.77,4.22,-13.45,635.0,2120.0,2168.0,-2.15
106,18.05,0.78,4.22,-14.71,634.0,2112.0,2144.0,-2.35
107,18.05,0.78,4.23,-16.4,628.0,2120.0,2160.0,-2.55
108,18.05,0.77,4.23,-18.08,630.0,2112.0,2152.0,-2.55
109,18.05,0.77,4.23,-17.24,627.0,2104.0,2160.0,-2.74
110,18.05,0.77,4.23,-16.82,622.0,2120.0,2152.0,-2.74
111,17.99,0.77,4.23,-16.82,620.0,2080.0,2144.0,-2.74
112,17.99,0.77,4.23,-14.71,617.0,2088.0,2208.0,-2.74
113,17.99,0.77,4.23,-13.8,622.0,2112.0,2208.0,-2.74
114,17.99,0.77,4.23,-15.47,624.0,2128.0,2208.0,-2.55
115,17.99,0.77,4.23,-17.98,619.0,2200.0,2176.0,-0.01
116,17.99,0.77,4.23,-17.15,617.0,2200.0,2152.0,-0.01
117,17.99,0.77,4.23,-17.24,615.0,2176.0,2144.0,-0.01
118,17.99,0.77,4.23,-17.24,617.0,2176.0,2168.0,0.19
119,17.99,0.77,4.23,-16.82,619.0,2096.0,2120.0,-2.35
120,17.99,0.77,4.23,-17.98,622.0,2112.0,2136.0,-2.35
121,17.99,0.77,4.23,-19.34,619.0,2088.0,2152.0,-2.55
122,18.11,0.76,4.23,-15.47,609.0,2080.0,2096.0,-2.74
123,18.11,0.77,4.23,-13.45,615.0,2056.0,2120.0,-2.94
124,18.11,0.77,4.23,-14.29,610.0,2080.0,2080.0,-3.13
125,18.11,0.76,4.23,-12.13,609.0,2072.0,2040.0,-3.13
126,18.11,0.77,4.23,-15.47,610.0,1992.0,2032.0,-3.33
127,18.11,0.76,4.23,-18.5,604.0,2016.0,2072.0,-3.52
128,18.11,0.76,4.24,-17.66,609.0,2016.0,2176.0,-3.52
129,18.11,0.76,4.24,-17.66,605.0,1992.0,2176.0,-3.52
130,18.11,0.76,4.24,-17.56,607.0,2008.0,2144.0,-3.33
131,18.11,0.76,4.24,-17.66,605.0,2072.0,2096.0,-0.79
132,18.11,0.76,4.24,-19.24,606.0,2072.0,2040.0,-0.79
133,18.11,0.76,4.24,-17.66,603.0,2120.0,2056.0,-0.59
134,18.11,0.76,4.24,-16.73,601.0,2064.0,2032.0,-0.59
135,18.11,0.76,4.24,-17.66,601.0,2000.0,1992.0,-2.94
136,18.11,0.76,4.24,-16.4,600.0,2024.0,2008.0,-2.94
137,18.11,0.76,4.24,-15.47,591.0,2016.0,2080.0,-3.13
138,18.11,0.76,4.24,-13.87,591.0,2016.0,2072.0,-3.13
139,18.11,0.76,4.24,-15.06,599.0,2008.0,2072.0,-3.13
140,18.11,0.76,4.24,-14.64,599.0,2016.0,2088.0,-3.33
141,18.11,0.76,4.24,-14.22,595.0,2016.0,2024.0,-3.33
142,18.11,0.76,4.24,-14.22,594.0,1984.0,2000.0,-3.52
143,18.11,0.76,4.24,-15.56,598.0,1976.0,2032.0,-3.52
144,18.11,0.76,4.24,-15.06,598.0,2048.0,2000.0,-1.18
145,18.11,0.76,4.24,-15.06,601.0,2056.0,2000.0,-1.18
146,18.11,0.76,4.24,-15.06,597.0,2072.0,2016.0,-1.18
147,18.11,0.76,4.24,-15.13,597.0,2040.0,2032.0,-1.18
148,18.11,0.76,4.24,-15.06,601.0,2016.0,2080.0,-3.52
149,18.11,0.76,4.24,-15.06,600.0,1976.0,2080.0,-3.52
150,18.11,0.76,4.24,-15.06,598.0,1976.0,2104.0,-3.72
151,18.11,0.76,4.24,-15.47,600.0,1984.0,2064.0,-3.72
152,18.11,0.76,4.24,-15.47,589.0,1960.0,1992.0,-3.91
153,18.11,0.76,4.24,-15.97,593.0,2056.0,2024.0,-1.57
154,18.11,0.76,4.24,-15.89,593.0,2064.0,2040.0,-1.37
155,18.11,0.76,4.24,-16.31,595.0,2056.0,2032.0,-0.98
156,18.11,0.76,4.24,-19.24,589.0,2072.0,2000.0,-0.79
157,18.11,0.76,4.24,-17.24,590.0,2072.0,1992.0,-0.79
158,18.11,0.76,4.24,-17.15,592.0,1992.0,2016.0,-3.13
159,18.11,0.76,4.24,-15.47,590.0,2008.0,2000.0,-3.33
160,18.11,0.76,4.24,-16.31,596.0,1992.0,1984.0,-3.33
161,18.11,0.76,4.24,-16.82,595.0,2000.0,1992.0,-3.52
162,18.11,0.76,4.24,-16.73,594.0,1992.0,1992.0,-3.72
163,18.11,0.76,4.24,-16.31,595.0,1976.0,1992.0,-3.72
164,18.11,0.76,4.24,-12.96,588.0,1960.0,2008.0,-3.91
165,18.11,0.76,4.24,-15.06,588.0,1968.0,2080.0,-4.11
166,18.11,0.76,4.24,-15.47,590.0,1960.0,2072.0,-4.11
167,18.11,0.76,4.24,-14.71,588.0,1968.0,2080.0,-4.3
168,18.11,0.76,4.24,-15.06,593.0,1936.0,2056.0,-4.3
169,18.17,0.76,4.24,-14.64,594.0,1952.0,2008.0,-4.3
170,18.17,0.76,4.24,-11.71,587.0,1968.0,2000.0,-4.5
171,18.17,0.76,4.24,-12.13,588.0,1936.0,1992.0,-4.5
172,18.17,0.76,4.24,-12.96,591.0,2016.0,2000.0,-2.15
173,18.11,0.76,4.24,-14.22,590.0,2000.0,1992.0,-2.15
174,18.11,0.76,4.24,-15.06,592.0,2048.0,1992.0,-1.76
175,18.11,0.76,4.24,-15.47,597.0,2072.0,1992.0,-1.18
176,18.11,0.76,4.24,-17.56,595.0,2056.0,2096.0,-1.37
177,18.11,0.76,4.24,-18.5,597.0,2064.0,2088.0,-3.52
178,18.11,0.76,4.24,-16.31,596.0,2000.0,2080.0,-3.72
179,18.11,0.76,4.24,-14.64,597.0,2016.0,2080.0,-3.72
180,18.11,0.76,4.24,-15.89,593.0,2016.0,2064.0,-3.91
181,18.11,0.76,4.24,-15.89,593.0,2000.0,2016.0,-3.91
182,18.11,0.76,4.24,-14.64,593.0,1968.0,2016.0,-4.11
183,18.11,0.76,4.24,-15.89,589.0,1984.0,2000.0,-4.11
184,18.11,0.76,4.24,-15.06,592.0,1976.0,2016.0,-1.76
185,18.11,0.76,4.24,-15.47,596.0,2024.0,1968.0,-1.76
186,18.11,0.76,4.24,-15.06,594.0,2064.0,1976.0,-1.57
187,18.11,0.76,4.24,-15.13,596.0,2048.0,1960.0,-1.57
188,18.11,0.76,4.24,-15.06,592.0,1992.0,2080.0,-3.91
189,18.11,0.76,4.24,-15.47,591.0,1968.0,2088.0,-3.91
190,18.11,0.76,4.24,-15.47,591.0,1968.0,2096.0,-3.91
191,18.11,0.76,4.24,-16.31,589.0,1968.0,2088.0,-3.91
192,18.17,0.76,4.24,-15.89,588.0,1976.0,2032.0,-1.57
193,18.17,0.76,4.24,-13.8,587.0,2056.0,2040.0,-1.57
194,18.17,0.76,4.24,-15.06,586.0,2016.0,1960.0,-1.57
195,18.17,0.76,4.24,-16.73,597.0,1976.0,2024.0,-1.57
196,18.17,0.76,4.24,-17.15,586.0,1944.0,1952.0,-3.91
197,18.17,0.76,4.24,-16.31,596.0,1928.0,1960.0,-3.91
198,18.17,0.76,4.24,-15.89,592.0,1920.0,1976.0,-3.91
199,18.17,0.76,4.24,-15.13,593.0,1912.0,1976.0,-3.91
200,18.17,0.76,4.24,-14.22,590.0,1936.0,1944.0,-3.91
201,18.17,0.76,4.24,-15.47,590.0,1984.0,1928.0,-1.57
202,18.17,0.76,4.24,-15.97,589.0,1992.0,1920.0,-1.37
203,18.17,0.76,4.24,-15.89,586.0,1976.0,1928.0,-0.98
204,18.17,0.76,4.24,-15.89,589.0,2024.0,1936.0,-0.79
205,18.17,0.76,4.24,-15.89,590.0,2016.0,2008.0,-0.98
206,18.17,0.76,4.24,-15.89,589.0,1960.0,2016.0,-3.33
207,18.17,0.76,4.24,-16.73,590.0,1952.0,2040.0,-3.33
208,18.17,0.76,4.24,-16.31,591.0,1960.0,2016.0,-3.33
209,18.17,0.76,4.24,-16.31,591.0,1936.0,2048.0,-3.52
210,18.17,0.76,4.24,-16.31,592.0,1944.0,1944.0,-3.72
211,18.17,0.76,4.24,-16.4,589.0,1896.0,1952.0,-3.72
212,18.17,0.76,4.24,-16.4,591.0,1928.0,1960.0,-3.91
213,18.17,0.76,4.24,-16.4,591.0,1928.0,1928.0,-3.91
214,18.17,0.76,4.24,-16.31,594.0,1912.0,1944.0,-4.11
215,18.17,0.76,4.24,-16.31,589.0,1880.0,1960.0,-4.11
216,18.17,0.76,4.24,-16.4,590.0,1920.0,1928.0,-4.11
217,18.17,0.76,4.24,-16.4,590.0,1928.0,1960.0,-4.3
218,18.17,0.76,4.24,-16.4,589.0,1928.0,1992.0,-4.3
219,18.17,0.76,4.24,-16.31,589.0,1888.0,2016.0,-4.3
220,18.17,0.76,4.24,-16.31,590.0,1896.0,2024.0,-4.5
221,18.17,0.76,4.24,-16.4,588.0,1888.0,2016.0,-4.5
222,18.17,0.76,4.24,-16.4,592.0,1920.0,1992.0,-4.5
223,18.17,0.76,4.24,-16.31,592.0,1912.0,1928.0,-4.5
224,18.17,0.76,4.24,-16.31,594.0,1904.0,1920.0,-4.5
225,18.17,0.76,4.24,-16.82,596.0,1904.0,1920.0,-4.69
226,18.17,0.76,4.24,-16.73,593.0,1960.0,1928.0,-2.35
227,18.17,0.76,4.24,-17.66,596.0,1952.0,1904.0,-2.35
228,18.17,0.76,4.24,-16.82,591.0,1976.0,1928.0,-2.35
229,18.17,0.76,4.24,-17.15,591.0,1904.0,1920.0,-4.69
230,18.17,0.76,4.24,-17.15,587.0,1880.0,2000.0,-4.69
231,18.17,0.76,4.24,-18.4,587.0,1904.0,1960.0,-4.69
232,18.17,0.76,4.24,-18.82,587.0,1872.0,1984.0,-4.89
233,18.17,0.76,4.25,-17.15,589.0,1872.0,2000.0,-4.89
234,18.23,0.76,4.25,-13.38,589.0,1952.0,1896.0,-2.55
235,18.29,0.76,4.25,-14.22,590.0,1944.0,1904.0,-2.55
236,18.29,0.76,4.25,-13.8,587.0,1904.0,1896.0,-2.55
237,18.29,0.76,4.25,-14.64,588.0,1936.0,1888.0,-2.55
238,18.29,0.76,4.25,-13.38,587.0,1856.0,1912.0,-5.08
239,18.29,0.76,4.25,-13.38,586.0,1856.0,1928.0,-5.08
240,18.29,0.76,4.25,-13.8,584.0,1840.0,1960.0,-5.08
241,18.29,0.76,4.25,-13.8,582.0,1792.0,1960.0,-5.08
242,18.29,0.76,4.25,-14.22,587.0,1840.0,1912.0,-5.08
243,18.29,0.75,4.25,-15.06,583.0,1880.0,1896.0,-2.55
244,18.29,0.76,4.25,-15.89,580.0,1888.0,1824.0,-2.55
245,18.29,0.76,4.25,-15.47,588.0,1856.0,1872.0,-2.15
246,18.29,0.76,4.25,-17.56,591.0,1864.0,1856.0,-1.57
247,18.29,0.75,4.25,-17.15,582.0,1896.0,1872.0,-1.18
248,18.29,0.75,4.25,-17.24,586.0,1904.0,1912.0,-0.79
249,18.29,0.75,4.25,-16.31,587.0,1912.0,1912.0,-0.59
250,18.29,0.75,4.25,-15.06,585.0,1920.0,1912.0,-0.59
251,18.29,0.75,4.25,-15.89,589.0,1848.0,1936.0,-2.94
252,18.29,0.75,4.25,-15.47,582.0,1856.0,1920.0,-2.94
253,18.29,0.75,4.25,-14.29,587.0,1848.0,1952.0,-3.13
254,18.29,0.75,4.25,-16.31,580.0,1872.0,1960.0,-3.13
255,18.29,0.75,4.25,-14.29,579.0,1896.0,1888.0,-0.79
256,18.29,0.75,4.25,-13.38,581.0,1912.0,1888.0,-0.79
257,18.29,0.75,4.25,-17.15,584.0,1928.0,1872.0,-0.79
258,18.29,0.75,4.25,-15.89,585.0,1928.0,1888.0,-0.59
259,18.29,0.75,4.25,-15.89,584.0,1848.0,1904.0,-2.94
260,18.29,0.75,4.25,-15.97,583.0,1872.0,1872.0,-2.94
261,18.29,0.75,4.25,-15.89,582.0,1824.0,1872.0,-3.13
262,18.29,0.75,4.25,-17.56,584.0,1864.0,1880.0,-3.13
263,18.29,0.75,4.25,-16.73,588.0,1848.0,1840.0,-3.13
264,18.29,0.75,4.25,-15.13,588.0,1840.0,1840.0,-3.33
265,18.29,0.75,4.25,-15.89,587.0,1840.0,1832.0,-3.33
266,18.29,0.75,4.25,-15.89,589.0,1832.0,1888.0,-3.33
267,18.29,0.75,4.25,-16.31,586.0,1808.0,1904.0,-3.52
268,18.29,0.75,4.25,-15.47,580.0,1824.0,1904.0,-3.52
269,18.29,0.75,4.25,-13.8,585.0,1848.0,1944.0,-3.52
270,18.29,0.75,4.25,-16.31,588.0,1904.0,1880.0,-1.18
271,18.29,0.75,4.25,-16.31,588.0,1896.0,1880.0,-0.98
272,18.29,0.75,4.25,-16.31,590.0,1888.0,1872.0,-0.98
273,18.29,0.75,4.25,-17.15,586.0,1912.0,1840.0,-3.33
274,18.29,0.75,4.25,-17.15,587.0,1808.0,1856.0,-3.33
275,18.29,0.75,4.25,-17.15,583.0,1808.0,1840.0,-3.52
276,18.29,0.75,4.25,-17.24,584.0,1840.0,1824.0,-3.52
277,18.29,0.75,4.25,-17.15,579.0,1816.0,1840.0,-3.72
278,18.29,0.75,4.25,-17.15,579.0,1824.0,1824.0,-3.72
279,18.29,0.75,4.25,-17.15,580.0,1824.0,1880.0,-3.72
280,18.29,0.75,4.25,-17.15,583.0,1808.0,1896.0,-3.72
281,18.29,0.75,4.25,-19.24,580.0,1832.0,1840.0,-3.72
282,18.29,0.75,4.25,-15.06,578.0,1840.0,1832.0,-1.18
283,18.29,0.75,4.25,-15.89,580.0,1840.0,1880.0,-0.98
284,18.29,0.75,4.25,-16.31,581.0,1896.0,1808.0,-0.59
285,18.29,0.75,4.25,-16.31,580.0,1840.0,1824.0,-0.4
286,18.29,0.75,4.25,-16.31,577.0,1872.0,1832.0,-0.01
287,18.29,0.75,4.25,-16.31,577.0,1872.0,1808.0,-0.01
288,18.29,0.75,4.25,-16.31,576.0,1888.0,1856.0,-0.01
289,18.29,0.75,4.25,-16.31,577.0,1872.0,1848.0,-2.35
290,18.29,0.75,4.25,-16.31,584.0,1832.0,1864.0,-2.35
291,18.29,0.75,4.25,-17.56,580.0,1792.0,1888.0,-2.35
292,18.29,0.75,4.25,-17.56,582.0,1824.0,1872.0,-2.35
293,18.29,0.75,4.25,-18.4,581.0,1800.0,1904.0,-0.01
294,18.29,0.75,4.25,-15.47,584.0,1896.0,1888.0,-0.01
295,18.29,0.75,4.25,-14.57,584.0,1888.0,1840.0,-0.01
296,18.29,0.75,4.25,-15.47,580.0,1864.0,1848.0,0.19
297,18.29,0.75,4.25,-15.89,577.0,1872.0,1848.0,0.58
298,18.29,0.75,4.25,-14.64,573.0,1896.0,1856.0,0.58
299,18.29,0.75,4.25,-12.96,577.0,1824.0,1904.0,-1.76
300,18.29,0.75,4.25,-12.96,574.0,1848.0,1904.0,-1.76
301,18.29,0.75,4.25,-11.71,579.0,1824.0,1896.0,-1.96
302,18.29,0.75,4.25,-12.96,580.0,1832.0,1920.0,-1.96
303,18.29,0.75,4.25,-12.96,577.0,1840.0,1920.0,-2.15
304,18.29,0.75,4.25,-12.96,582.0,1808.0,1840.0,-2.15
305,18.29,0.75,4.25,-12.96,583.0,1840.0,1840.0,-2.15
306,18.29,0.75,4.25,-12.96,585.0,1888.0,1832.0,0.19
307,18.29,0.75,4.25,-12.96,586.0,1816.0,1792.0,0.19
308,18.29,0.75,4.25,-12.96,583.0,1896.0,1840.0,0.19
309,18.29,0.75,4.25,-12.96,588.0,1840.0,1832.0,0.38
310,18.29,0.75,4.25,-12.55,583.0,1856.0,1856.0,-1.96
311,18.29,0.75,4.25,-12.96,584.0,1848.0,1848.0,-1.96
312,18.29,0.75,4.25,-12.13,580.0,1816.0,1912.0,-2.15
313,18.29,0.75,4.25,-10.93,583.0,1760.0,1904.0,-2.15
314,18.29,0.75,4.25,-10.46,585.0,1840.0,1840.0,-2.35
315,18.29,0.75,4.25,-11.29,582.0,1752.0,1784.0,-2.35
316,18.29,0.75,4.25,-12.13,582.0,1856.0,1840.0,-0.01
317,18.29,0.75,4.25,-15.06,581.0,1904.0,1800.0,-0.01
318,18.29,0.75,4.25,-13.8,587.0,1840.0,1824.0,-0.01
319,18.29,0.75,4.25,-12.96,585.0,1832.0,1848.0,-2.35
320,18.29,0.75,4.25,-12.96,586.0,1832.0,1912.0,-2.35
321,18.29,0.75,4.25,-11.29,586.0,1832.0,1872.0,-2.35
322,18.29,0.75,4.25,-11.35,574.0,1824.0,1872.0,-2.55
323,18.41,0.71,4.3,-18.08,578.0,1680.0,1672.0,-2.74
324,18.94,0.71,4.3,-12.19,603.0,1576.0,1528.0,-0.4
325,19.35,0.71,4.3,-13.32,630.0,1440.0,1352.0,-0.4
326,19.76,0.71,4.29,-17.56,627.0,1336.0,1336.0,-0.2
327,20.0,0.71,4.3,-15.47,615.0,1288.0,1232.0,-0.2
328,20.18,0.71,4.3,-15.47,602.0,1272.0,1224.0,-0.2
329,20.24,0.71,4.3,-17.5,628.0,1272.0,0.0,-0.01
330,20.94,0.56,4.44,-31.98,613.0,0.0,0.0,-0.01
331,22.07,0.56,4.44,-36.16,429.0,0.0,0.0,-0.01
332,22.6,0.56,4.37,-36.13,0.0,0.0,0.0,-0.01
333,22.6,0.93,4.07,-36.13,0.0,0.0,0.0,-0.01
334,22.6,0.93,4.07,-36.13,0.0,0.0,0.0,-0.01
335,22.6,0.93,4.07,-36.13,0.0,0.0,0.0,-0.01
336,22.6,0.93,4.07,-36.13,0.0,0.0,0.0,-0.01
337,22.6,0.93,4.07,-36.13,0.0,0.0,0.0,-0.01
338,22.6,0.93,4.07,-36.13,0.0,0.0,0.0,-0.01
339,22.6,0.93,4.07,-36.13,0.0,0.0,0.0,-0.01
340,22.6,0.93,4.07,-36.13,0.0,0.0,0.0,-0.01
341,22.6,0.93,4.07,-36.13,0.0,0.0,0.0,-0.01
342,22.6,0.93,4.07,-36.13,0.0,0.0,0.0,-0.01
343,22.6,0.93,4.07,-36.13,0.0,0.0,0.0,-0.01
344,22.6,0.93,4.07,-36.13,0.0,0.0,0.0,-0.01
345,22.6,0.93,4.07,-36.13,0.0,0.0,0.0,-0.01
346,22.6,0.93,4.07,-36.13,0.0,0.0,0.0,-0.01
347,22.6,0.93,4.07,-36.13,0.0,0.0,0.0,-0.01
348,22.6,0.93,4.07,-36.13,0.0,0.0,0.0,-0.01
349,22.6,0.93,4.07,-36.13,0.0,0.0,0.0,-0.01
350,22.6,0.93,4.07,-36.13,0.0,0.0,0.0,-0.01
351,22.6,0.93,4.07,-36.13,0.0,0.0,0.0,-0.01
352,22.6,0.93,4.07,-36.13,0.0,0.0,0.0,-0.01
353,22.6,0.93,4.07,-36.13,0.0,0.0,0.0,-0.01
354,22.6,0.93,4.07,-36.13,0.0,0.0,0.0,-0.01
355,22.6,0.93,4.07,-36.13,0.0,0.0,0.0,-0.01
356,22.6,0.93,4.07,-36.13,0.0,0.0,0.0,-0.01
357,22.6,0.93,4.07,-36.13,0.0,0.0,0.0,-0.01
358,22.6,0.93,4.07,-36.13,0.0,0.0,0.0,-0.01
359,22.6,0.93,4.07,-36.13,0.0,0.0,0.0,-0.01
360,22.6,0.93,4.07,-36.13,0.0,0.0,0.0,-0.01
361,22.6,0.93,4.07,-36.13,0.0,0.0,0.0,-0.01
362,22.6,0.93,4.07,-36.13,0.0,0.0,0.0,-0.01
363,22.6,0.93,4.07,-36.13,0.0,0.0,0.0,-0.01
364,22.6,0.93,4.07,-36.13,0.0,0.0,0.0,-0.01
365,22.6,0.93,4.07,-36.13,0.0,0.0,0.0,-0.01
366,22.6,0.93,4.07,-36.13,0.0,0.0,0.0,-0.01
367,22.6,0.93,4.07,-36.13,0.0,0.0,0.0,-0.01
368,22.6,0.93,4.07,-36.13,0.0,0.0,0.0,-0.01
369,22.6,0.93,4.07,-36.13,0.0,0.0,0.0,-0.01
370,22.6,0.93,4.07,-36.13,0.0,0.0,0.0,-0.01
371,22.6,0.93,4.07,-36.13,0.0,0.0,0.0,-0.01
372,22.6,0.93,4.07,-36.13,0.0,0.0,0.0,-0.01
373,22.6,0.93,4.07,-36.13,0.0,0.0,0.0,-0.01
374,22.6,0.93,4.07,-36.13,0.0,0.0,0.0,-0.01
375,22.6,0.93,4.07,-36.13,0.0,0.0,0.0,-0.01
376,22.6,0.93,4.07,-36.13,0.0,0.0,0.0,-0.01
377,22.6,0.93,4.07,-36.13,0.0,0.0,0.0,-0.01
378,22.6,0.93,4.07,-36.13,0.0,0.0,0.0,-0.01
379,22.6,0.93,4.07,-36.13,0.0,0.0,0.0,-0.01
380,22.6,0.93,4.07,-36.13,0.0,0.0,0.0,-0.01
381,22.6,0.93,4.07,-36.13,0.0,0.0,0.0,-0.01
382,22.6,0.93,4.07,-36.13,0.0,0.0,0.0,-0.01
383,22.6,0.93,4.07,-36.13,0.0,0.0,0.0,-0.01
384,22.6,0.93,4.07,-36.13,0.0,0.0,0.0,-0.01
385,22.6,0.93,4.07,-36.13,0.0,0.0,0.0,-0.01
386,22.6,0.93,4.07,-36.13,0.0,0.0,0.0,-0.01
387,22.6,0.93,4.07,-36.13,0.0,0.0,0.0,-0.01
388,22.6,0.93,4.07,-36.13,0.0,0.0,0.0,-0.01
389,22.6,0.93,4.07,-36.13,0.0,0.0,0.0,-0.01
390,22.6,0.93,4.07,-36.13,0.0,0.0,0.0,-0.01
391,22.6,0.93,4.07,-36.13,0.0,0.0,0.0,-0.01
392,22.6,0.93,4.07,-36.13,0.0,0.0,0.0,-0.01
393,22.6,0.93,4.07,-36.13,0.0,0.0,0.0,-0.01
394,22.6,0.93,4.07,-36.13,0.0,0.0,0.0,-0.01
395,22.6,0.93,4.07,-36.13,0.0,0.0,0.0,-0.01
396,22.6,0.93,4.07,-36.13,0.0,0.0,0.0,-0.01
397,22.6,0.93,4.07,-36.13,0.0,0.0,0.0,-0.01
398,22.6,0.93,4.07,-36.13,0.0,0.0,0.0,-0.01
399,22.6,0.93,4.07,-36.13,0.0,0.0,0.0,-0.01
400,22.6,0.93,4.07,-36.13,0.0,0.0,0.0,-0.01
401,22.6,0.93,4.07,-36.13,0.0,0.0,0.0,-0.01
402,22.6,0.93,4.07,-36.13,0.0,0.0,0.0,-0.01
403,22.6,0.93,4.07,-36.13,0.0,0.0,0.0,-0.01
404,22.6,0.93,4.07,-36.13,0.0,0.0,0.0,-0.01
405,22.6,0.93,4.07,-36.13,0.0,0.0,0.0,-0.01
406,22.6,0.93,4.07,-36.13,0.0,0.0,0.0,-0.01
407,22.6,0.93,4.07,-36.13,0.0,0.0,0.0,-0.01
408,22.6,0.93,4.07,-36.13,0.0,0.0,0.0,-0.01
409,22.6,0.93,4.07,-36.13,0.0,0.0,0.0,-0.01
410,22.6,0.93,4.07,-36.13,0.0,0.0,0.0,-0.01
411,22.6,0.93,4.07,-36.13,0.0,0.0,0.0,-0.01
412,22.6,0.93,4.07,-36.13,0.0,0.0,0.0,-0.01
413,22.6,0.93,4.07,-36.13,0.0,0.0,0.0,-0.01
414,22.6,0.93,4.07,-36.13,0.0,0.0,0.0,-0.01
415,22.6,0.93,4.07,-36.13,0.0,0.0,0.0,-0.01
416,22.6,0.93,4.07,-36.13,0.0,0.0,0.0,-0.01
417,22.6,0.93,4.07,-36.13,0.0,0.0,0.0,-0.01
418,22.6,0.93,4.07,-36.13,0.0,0.0,0.0,-0.01
419,22.6,0.93,4.07,-36.13,0.0,0.0,0.0,-0.01
420,22.6,0.93,4.07,-36.13,0.0,0.0,0.0,-0.01
421,22.6,0.93,4.07,-36.13,0.0,0.0,0.0,-0.01
422,22.6,0.93,4.07,-36.13,0.0,0.0,0.0,-0.01
423,22.6,0.93,4.07,-36.13,0.0,0.0,0.0,-0.01
424,22.6,0.93,4.07,-36.13,0.0,0.0,0.0,-0.01
425,22.6,0.93,4.07,-36.13,0.0,0.0,0.0,-0.01
426,22.6,0.93,4.07,-36.13,0.0,0.0,0.0,-0.01
427,22.6,0.93,4.07,-36.13,0.0,0.0,0.0,-0.01
428,22.6,0.93,4.07,-36.13,0.0,0.0,0.0,-0.01
429,22.6,0.93,4.07,-36.13,0.0,0.0,0.0,-0.01
430,22.6,0.93,4.07,-36.13,0.0,0.0,0.0,-0.01
431,22.6,0.93,4.07,-36.13,0.0,0.0,0.0,-0.01
432,22.6,0.93,4.07,-36.13,0.0,0.0,0.0,-0.01
433,22.6,0.93,4.07,-36.13,0.0,0.0,0.0,-0.01
434,22.6,0.93,4.07,-36.13,0.0,0.0,0.0,-0.01
435,22.6,0.93,4.07,-36.13,0.0,0.0,0.0,-0.01
436,22.6,0.93,4.07,-36.13,0.0,0.0,0.0,-0.01
437,22.6,0.93,4.07,-36.13,0.0,0.0,0.0,-0.01
438,22.6,0.93,4.07,-36.13,0.0,0.0,0.0,-0.01
439,22.6,0.93,4.07,-36.13,0.0,0.0,0.0,-0.01
440,22.6,0.93,4.07,-36.13,0.0,0.0,0.0,-0.01
441,22.6,0.93,4.07,-36.13,0.0,0.0,0.0,-0.01
442,22.6,0.93,4.07,-36.13,0.0,0.0,0.0,-0.01
443,22.6,0.93,4.07,-36.13,0.0,0.0,0.0,-0.01
444,22.6,0.93,4.07,-36.13,0.0,0.0,0.0,-0.01
445,22.6,0.93,4.07,-36.13,0.0,0.0,0.0,-0.01
446,22.6,0.93,4.07,-36.13,0.0,0.0,0.0,-0.01
447,22.6,0.93,4.07,-36.13,0.0,0.0,0.0,-0.01
448,22.6,0.93,4.07,-36.13,0.0,0.0,0.0,-0.01
449,22.6,0.93,4.07,-36.13,0.0,0.0,0.0,-0.01
450,22.6,0.93,4.07,-36.13,0.0,0.0,0.0,-0.01
451,22.6,0.93,4.07,-36.13,0.0,0.0,0.0,-0.01
452,22.6,0.93,4.07,-36.13,0.0,0.0,0.0,-0.01
453,22.6,0.93,4.07,-36.13,0.0,0.0,0.0,-0.01
454,22.6,0.93,4.07,-36.13,0.0,0.0,0.0,-0.01
455,22.6,0.93,4.07,-36.13,0.0,0.0,0.0,-0.01
456,22.6,0.93,4.07,-36.13,0.0,0.0,0.0,-0.01
457,22.6,0.93,4.07,-36.13,0.0,0.0,0.0,-0.01
458,22.6,0.93,4.07,-36.13,0.0,0.0,0.0,-0.01
459,22.6,0.93,4.07,-36.13,0.0,0.0,0.0,-0.01
460,22.6,0.93,4.07,-36.13,0.0,0.0,0.0,-0.01
461,22.6,0.93,4.07,-36.13,0.0,0.0,0.0,-0.01
462,22.6,0.93,4.07,-36.13,0.0,0.0,0.0,-0.01
463,22.6,0.93,4.07,-36.13,0.0,0.0,0.0,-0.01
464,22.6,0.93,4.07,-36.13,0.0,0.0,0.0,-0.01
465,22.6,0.93,4.07,-36.13,0.0,0.0,0.0,-0.01
466,22.6,0.93,4.07,-36.13,0.0,0.0,0.0,-0.01
467,22.6,0.93,4.07,-36.13,0.0,0.0,0.0,-0.01
468,22.6,0.93,4.07,-36.13,0.0,0.0,0.0,-0.01
469,22.6,0.93,4.07,-36.13,0.0,0.0,0.0,-0.01
470,22.6,0.93,4.07,-36.13,0.0,0.0,0.0,-0.01
471,22.6,0.93,4.07,-36.13,0.0,0.0,0.0,-0.01
472,22.6,0.93,4.07,-36.13,0.0,0.0,0.0,-0.01
473,22.6,0.93,4.07,-36.13,0.0,0.0,0.0,-0.01
474,22.6,0.93,4.07,-36.13,0.0,0.0,0.0,-0.01
475,22.6,0.93,4.07,-36.13,0.0,0.0,0.0,-0.01
476,22.6,0.93,4.07,-36.13,0.0,0.0,0.0,-0.01
477,22.6,0.93,4.07,-36.13,0.0,0.0,0.0,-0.01
478,22.6,0.93,4.07,-36.13,0.0,0.0,0.0,-0.01
479,22.6,0.93,4.07,-36.13,0.0,0.0,0.0,-0.01
480,22.6,0.93,4.07,-36.13,0.0,0.0,0.0,-0.01
481,22.6,0.93,4.07,-36.13,0.0,0.0,0.0,-0.01
482,22.6,0.93,4.07,-36.13,0.0,0.0,0.0,-0.01
483,22.6,0.93,4.07,-36.13,0.0,0.0,0.0,-0.01
484,22.6,0.93,4.07,-36.13,0.0,0.0,0.0,-0.01
485,22.6,0.93,4.07,-36.13,0.0,0.0,0.0,-0.01
486,22.6,0.93,4.07,-36.13,0.0,0.0,0.0,-0.01
487,22.6,0.93,4.07,-36.13,0.0,0.0,0.0,-0.01
488,22.6,0.93,4.07,-36.13,0.0,0.0,0.0,-0.01
489,22.6,0.93,4.07,-36.13,0.0,0.0,0.0,-0.01
490,22.6,0.93,4.07,-36.13,0.0,0.0,0.0,-0.01
491,22.6,0.93,4.07,-36.13,0.0,0.0,0.0,-0.01
492,22.6,0.93,4.07,-36.13,0.0,0.0,0.0,-0.01
493,22.6,0.93,4.07,-36.13,0.0,0.0,0.0,-0.01
494,22.6,0.93,4.07,-36.13,0.0,0.0,0.0,-0.01
495,22.6,0.93,4.07,-36.13,0.0,0.0,0.0,-0.01
496,22.6,0.93,4.07,-36.13,0.0,0.0,0.0,-0.01
497,22.6,0.93,4.07,-36.13,0.0,0.0,0.0,-0.01
498,22.6,0.93,4.07,-36.13,0.0,0.0,0.0,-0.01
499,22.6,0.93,4.07,-36.13,0.0,0.0,0.0,-0.01
500,22.6,0.93,4.07,-36.13,0.0,0.0,0.0,-0.01
501,22.6,0.93,4.07,-36.13,0.0,0.0,0.0,-0.01
502,22.6,0.93,4.07,-36.13,0.0,0.0,0.0,-0.01
503,22.6,0.93,4.07,-36.13,0.0,0.0,0.0,-0.01
504,22.6,0.93,4.07,-36.13,0.0,0.0,0.0,-0.01
505,22.6,0.93,4.07,-36.13,0.0,0.0,0.0,-0.01
506,22.6,0.93,4.07,-36.13,0.0,0.0,0.0,-0.01
507,22.6,0.93,4.07,-36.13,0.0,0.0,0.0,-0.01
508,22.6,0.93,4.07,-36.13,0.0,0.0,0.0,-0.01
509,22.6,0.93,4.07,-36.13,0.0,0.0,0.0,-0.01
510,22.6,0.93,4.07,-36.13,0.0,0.0,0.0,-0.01
511,22.6,0.93,4.07,-36.13,0.0,0.0,0.0,-0.01
512,22.6,0.93,4.07,-36.13,0.0,0.0,0.0,-0.01
513,22.6,0.93,4.07,-36.13,0.0,0.0,0.0,-0.01
514,22.6,0.93,4.07,-36.13,0.0,0.0,0.0,-0.01
515,22.6,0.93,4.07,-36.13,0.0,0.0,0.0,-0.01
516,22.6,0.93,4.07,-36.13,0.0,0.0,0.0,-0.01
517,22.6,0.93,4.07,-36.13,0.0,0.0,0.0,-0.01
518,22.6,0.93,4.07,-36.13,0.0,0.0,0.0,-0.01
519,22.6,0.93,4.07,-36.13,0.0,0.0,0.0,-0.01
520,22.6,0.93,4.07,-36.13,0.0,0.0,0.0,-0.01
521,22.6,0.93,4.07,-36.13,0.0,0.0,0.0,-0.01
522,22.6,0.93,4.07,-36.13,0.0,0.0,0.0,-0.01
523,22.6,0.93,4.07,-36.13,0.0,0.0,0.0,-0.01
524,22.6,0.93,4.07,-36.13,0.0,0.0,0.0,-0.01
525,22.6,0.93,4.07,-36.13,0.0,0.0,0.0,-0.01
526,22.6,0.93,4.07,-36.13,0.0,0.0,0.0,-0.01
527,22.6,0.93,4.07,-36.13,0.0,0.0,0.0,-0.01
528,22.6,0.93,4.07,-36.13,0.0,0.0,0.0,-0.01
529,22.6,0.93,4.07,-36.13,0.0,0.0,0.0,-0.01
530,22.6,0.93,4.07,-36.13,0.0,0.0,0.0,-0.01
531,22.6,0.93,4.07,-36.13,0.0,0.0,0.0,-0.01
532,22.6,0.93,4.07,-36.13,0.0,0.0,0.0,-0.01
533,22.6,0.93,4.07,-36.13,0.0,0.0,0.0,-0.01
534,22.6,0.93,4.07,-36.13,0.0,0.0,0.0,-0.01
535,22.6,0.93,4.07,-36.13,0.0,0.0,0.0,-0.01
536,22.6,0.93,4.07,-36.13,0.0,0.0,0.0,-0.01
537,22.6,0.93,4.07,-36.13,0.0,0.0,0.0,-0.01
538,22.6,0.93,4.07,-36.13,0.0,0.0,0.0,-0.01
539,22.6,0.93,4.07,-36.13,0.0,0.0,0.0,-0.01
540,22.6,0.93,4.07,-36.13,0.0,0.0,0.0,-0.01
541,22.6,0.93,4.07,-36.13,0.0,0.0,0.0,-0.01
542,22.6,0.93,4.07,-36.13,0.0,0.0,0.0,-0.01
543,22.6,0.93,4.07,-36.13,0.0,0.0,0.0,-0.01
544,22.6,0.93,4.07,-36.13,0.0,0.0,0.0,-0.01
545,22.6,0.93,4.07,-36.13,0.0,0.0,0.0,-0.01
546,22.6,0.93,4.07,-36.13,0.0,0.0,0.0,-0.01
547,22.6,0.93,4.07,-36.13,0.0,0.0,0.0,-0.01
548,22.6,0.93,4.07,-36.13,0.0,0.0,0.0,-0.01
549,22.6,0.93,4.07,-36.13,0.0,0.0,0.0,-0.01
550,22.6,0.93,4.07,-36.13,0.0,0.0,0.0,-0.01
551,22.6,0.93,4.07,-36.13,0.0,0.0,0.0,-0.01
552,22.6,0.93,4.07,-36.13,0.0,0.0,0.0,-0.01
553,22.6,0.93,4.07,-36.13,0.0,0.0,0.0,-0.01
554,22.6,0.93,4.07,-36.13,0.0,0.0,0.0,-0.01
555,22.6,0.93,4.07,-36.13,0.0,0.0,0.0,-0.01
556,22.6,0.93,4.07,-36.13,0.0,0.0,0.0,-0.01
557,22.6,0.93,4.07,-36.13,0.0,0.0,0.0,-0.01
558,22.6,0.93,4.07,-36.13,0.0,0.0,0.0,-0.01
559,22.6,0.93,4.07,-36.13,0.0,0.0,0.0,-0.01
560,22.6,0.93,4.07,-36.13,0.0,0.0,0.0,-0.01
561,22.6,0.93,4.07,-36.13,0.0,0.0,0.0,-0.01
562,22.6,0.93,4.07,-36.13,0.0,0.0,0.0,-0.01
563,22.6,0.93,4.07,-36.13,0.0,0.0,0.0,-0.01
564,22.6,0.93,4.07,-36.13,0.0,0.0,0.0,-0.01
565,22.6,0.93,4.07,-36.13,0.0,0.0,0.0,-0.01
566,22.6,0.93,4.07,-36.13,0.0,0.0,0.0,-0.01
567,22.6,0.93,4.07,-36.13,0.0,0.0,0.0,-0.01
568,22.6,0.93,4.07,-36.13,0.0,0.0,0.0,-0.01
569,22.6,0.93,4.07,-36.13,0.0,0.0,0.0,-0.01
570,22.6,0.93,4.07,-36.13,0.0,0.0,0.0,-0.01
571,22.6,0.93,4.07,-36.13,0.0,0.0,0.0,-0.01
572,22.6,0.93,4.07,-36.13,0.0,0.0,0.0,-0.01
573,22.6,0.93,4.07,-36.13,0.0,0.0,0.0,-0.01
574,22.6,0.93,4.07,-36.13,0.0,0.0,0.0,-0.01
575,22.6,0.93,4.07,-36.13,0.0,0.0,0.0,-0.01
576,22.6,0.93,4.07,-36.13,0.0,0.0,0.0,-0.01
577,22.6,0.93,4.07,-36.13,0.0,0.0,0.0,-0.01
578,22.6,0.93,4.07,-36.13,0.0,0.0,0.0,-0.01
579,22.6,0.93,4.07,-36.13,0.0,0.0,0.0,-0.01
580,22.6,0.93,4.07,-36.13,0.0,0.0,0.0,-0.01
581,22.6,0.93,4.07,-36.13,0.0,0.0,0.0,-0.01
582,22.6,0.93,4.07,-36.13,0.0,0.0,0.0,-0.01
583,22.6,0.93,4.07,-36.13,0.0,0.0,0.0,-0.01
584,22.6,0.93,4.07,-36.13,0.0,0.0,0.0,-0.01
585,22.6,0.93,4.07,-36.13,0.0,0.0,0.0,-0.01
586,22.6,0.93,4.07,-36.13,0.0,0.0,0.0,-0.01
587,22.6,0.93,4.07,-36.13,0.0,0.0,0.0,-0.01
588,22.6,0.93,4.07,-36.13,0.0,0.0,0.0,-0.01
589,22.6,0.93,4.07,-36.13,0.0,0.0,0.0,-0.01
590,22.6,0.93,4.07,-36.13,0.0,0.0,0.0,-0.01
591,22.6,0.93,4.07,-36.13,0.0,0.0,0.0,-0.01
592,22.6,0.93,4.07,-36.13,0.0,0.0,0.0,-0.01
593,22.6,0.93,4.07,-36.13,0.0,0.0,0.0,-0.01
594,22.6,0.93,4.07,-36.13,0.0,0.0,0.0,-0.01
595,22.6,0.93,4.07,-36.13,0.0,0.0,0.0,-0.01
596,22.6,0.93,4.07,-36.13,0.0,0.0,0.0,-0.01
597,22.6,0.93,4.07,-36.13,0.0,0.0,0.0,-0.01
598,22.6,0.93,4.07,-36.13,0.0,0.0,0.0,-0.01
599,22.6,0.93,4.07,-36.13,0.0,0.0,0.0,-0.01
600,22.6,0.93,4.07,-36.13,0.0,0.0,0.0,-0.01
601,22.6,0.93,4.07,-36.13,0.0,0.0,0.0,-0.01
602,22.6,0.93,4.07,-36.13,0.0,0.0,0.0,-0.01
603,22.6,0.93,4.07,-36.13,0.0,0.0,0.0,-0.01
604,22.6,0.93,4.07,-36.13,0.0,0.0,0.0,-0.01
605,22.6,0.93,4.07,-36.13,0.0,0.0,0.0,-0.01
606,22.6,0.93,4.07,-36.13,0.0,0.0,0.0,-0.01
607,22.6,0.93,4.07,-36.13,0.0,0.0,0.0,-0.01
608,22.6,0.93,4.07,-36.13,0.0,0.0,0.0,-0.01
609,22.6,0.93,4.07,-36.13,0.0,0.0,0.0,-0.01
610,22.6,0.93,4.07,-36.13,0.0,0.0,0.0,-0.01
611,22.6,0.93,4.07,-36.13,0.0,0.0,0.0,-0.01
612,22.6,0.93,4.07,-36.13,0.0,0.0,0.0,-0.01
613,22.6,0.93,4.07,-36.13,0.0,0.0,0.0,-0.01
614,22.6,0.93,4.07,-36.13,0.0,0.0,0.0,-0.01
615,22.6,0.93,4.07,-36.13,0.0,0.0,0.0,-0.01
616,22.6,0.93,4.07,-36.13,0.0,0.0,0.0,-0.01
617,22.6,0.93,4.07,-36.13,0.0,0.0,0.0,-0.01
618,22.6,0.93,4.07,-36.13,0.0,0.0,0.0,-0.01
619,22.6,0.93,4.07,-36.13,0.0,0.0,0.0,-0.01
620,22.6,0.93,4.07,-36.13,0.0,0.0,0.0,-0.01
621,22.6,0.93,4.07,-36.13,0.0,0.0,0.0,-0.01
622,22.6,0.93,4.07,-36.13,0.0,0.0,0.0,-0.01
623,22.6,0.93,4.07,-36.13,0.0,0.0,0.0,-0.01
624,22.6,0.93,4.07,-36.13,0.0,0.0,0.0,-0.01
625,22.6,0.93,4.07,-36.13,0.0,0.0,0.0,-0.01
626,22.6,0.93,4.07,-36.13,0.0,0.0,0.0,-0.01
627,22.6,0.93,4.07,-36.13,0.0,0.0,0.0,-0.01
628,22.6,0.93,4.07,-36.13,0.0,0.0,0.0,-0.01
629,22.6,0.93,4.07,-36.13,0.0,0.0,0.0,-0.01
630,22.6,0.93,4.07,-36.13,0.0,0.0,0.0,-0.01
631,22.6,0.93,4.07,-36.13,0.0,0.0,0.0,-0.01
632,22.6,0.93,4.07,-36.13,0.0,0.0,0.0,-0.01
633,22.6,0.93,4.07,-36.13,0.0,0.0,0.0,-0.01
634,22.6,0.93,4.07,-36.13,0.0,0.0,0.0,-0.01
635,22.6,0.93,4.07,-36.13,0.0,0.0,0.0,-0.01
636,22.6,0.93,4.07,-36.13,0.0,0.0,0.0,-0.01
637,22.6,0.93,4.07,-36.13,0.0,0.0,0.0,-0.01
638,22.6,0.93,4.07,-36.13,0.0,0.0,0.0,-0.01
639,22.6,0.93,4.07,-36.13,0.0,0.0,0.0,-0.01
640,,0.7,4.31,-13.78,0.0,8000.0,8000.0,-0.01
641,1.0,0.7,4.3,-13.41,141.0,7536.0,7536.0,-0.01
642,1.83,0.7,4.3,-15.11,705.0,8520.0,8024.0,-0.01
643,8.67,0.73,4.28,-14.82,1416.0,4712.0,4160.0,-0.01
644,18.05,0.75,4.25,-7.87,1788.0,1856.0,1752.0,-0.01
645,21.59,0.77,4.23,-14.21,1809.0,1104.0,1056.0,-0.01
646,22.83,0.76,4.25,-19.72,1714.0,792.0,768.0,-0.01
647,23.25,0.76,4.25,-6.85,1548.0,768.0,784.0,-0.01
648,22.95,0.77,4.23,-6.35,1408.0,920.0,928.0,-0.01
649,22.42,0.79,4.21,-14.01,1201.0,1168.0,1240.0,-0.01
650,21.65,0.78,4.22,-19.88,1180.0,1400.0,1384.0,-0.01
651,21.59,0.77,4.23,-16.64,1132.0,1368.0,1384.0,-0.01
652,21.54,0.77,4.23,-5.81,1119.0,1408.0,1416.0,-0.01
653,21.3,0.79,4.21,-16.02,1109.0,1544.0,1544.0,-0.01
654,21.12,0.78,4.22,-16.84,1108.0,1544.0,1544.0,-0.01
655,21.12,0.78,4.23,-17.62,1118.0,1464.0,1464.0,-0.01
656,21.3,0.77,4.23,-19.73,1106.0,1368.0,1360.0,-0.01
657,21.42,0.77,4.23,-16.58,1098.0,1312.0,1312.0,-0.01
658,21.54,0.77,4.23,-9.06,1088.0,1280.0,1280.0,-0.01
659,21.54,0.77,4.23,-6.51,1072.0,1264.0,1288.0,-0.01
660,21.54,0.77,4.23,-9.02,1067.0,1256.0,1256.0,-0.01
661,21.48,0.77,4.23,-6.45,1068.0,1280.0,1280.0,-0.01
662,21.42,0.78,4.22,-8.16,1067.0,1296.0,1296.0,-0.01
663,21.42,0.82,4.18,-14.18,1067.0,1400.0,1424.0,-0.01
664,20.89,0.81,4.19,-14.09,1066.0,1528.0,1544.0,-0.01
665,20.65,0.82,4.19,-25.62,1072.0,1560.0,1568.0,-0.01
666,20.71,0.79,4.21,-14.52,1064.0,1488.0,1488.0,-0.01
667,20.89,0.79,4.21,-5.98,1049.0,1456.0,1464.0,-0.01
668,20.83,0.8,4.2,-8.11,1033.0,1488.0,1480.0,-0.01
669,20.71,0.81,4.2,-7.68,1032.0,1552.0,1520.0,-0.01
670,20.59,0.81,4.19,-5.98,1031.0,1576.0,1576.0,-0.01
671,20.53,0.81,4.19,-7.22,1036.0,1632.0,1624.0,-0.01
672,20.41,0.81,4.19,-5.95,1030.0,1656.0,1656.0,-0.01
673,20.36,0.82,4.18,-11.48,1029.0,1672.0,1688.0,-0.01
674,20.3,0.81,4.19,-12.26,1038.0,1672.0,1672.0,-0.01
675,20.3,0.81,4.19,-10.15,1032.0,1688.0,1688.0,-0.01
676,20.3,0.81,4.19,-11.42,1029.0,1680.0,1672.0,-0.01
677,20.3,0.81,4.19,-12.68,1024.0,1688.0,1672.0,-0.01
678,20.24,0.81,4.19,-12.33,1024.0,1688.0,1688.0,-0.01
679,20.24,0.81,4.19,-12.26,1016.0,1648.0,1648.0,-0.01
680,20.24,0.81,4.19,-13.11,1017.0,1632.0,1640.0,-0.01
681,20.24,0.81,4.19,-13.53,1005.0,1632.0,1632.0,-0.01
682,20.18,0.81,4.19,-13.11,999.0,1664.0,1664.0,-0.01
683,20.18,0.81,4.19,-12.61,997.0,1648.0,1656.0,-0.01
684,20.12,0.81,4.19,-13.45,996.0,1696.0,1696.0,-0.01
685,20.12,0.81,4.19,-13.95,988.0,1680.0,1680.0,-0.01
686,20.12,0.81,4.19,-12.26,982.0,1688.0,1680.0,-0.01
687,20.12,0.81,4.19,-12.61,995.0,1696.0,1696.0,-0.01
688,20.12,0.81,4.19,-13.87,988.0,1680.0,1688.0,-0.01
689,20.12,0.81,4.19,-12.19,990.0,1680.0,1688.0,-0.01
690,20.12,0.81,4.19,-10.93,982.0,1688.0,1696.0,-0.01
691,20.06,0.81,4.19,-11.35,984.0,1720.0,1752.0,2.34
692,20.06,0.81,4.19,-10.93,983.0,1776.0,1776.0,2.53
693,20.0,0.81,4.19,-13.11,979.0,1776.0,1784.0,2.92
694,20.0,0.81,4.19,-10.51,990.0,1744.0,1816.0,0.58
695,20.0,0.81,4.19,-14.29,985.0,1720.0,1824.0,0.58
696,20.0,0.81,4.19,-15.13,976.0,1712.0,1784.0,0.38
697,20.06,0.81,4.19,-13.87,974.0,1704.0,1736.0,0.19
698,20.06,0.81,4.19,-14.71,971.0,1768.0,1744.0,2.53
699,20.06,0.81,4.19,-18.08,966.0,1768.0,1720.0,2.73
700,20.06,0.81,4.19,-15.97,962.0,1776.0,1720.0,2.92
701,20.0,0.81,4.2,-16.4,956.0,1728.0,1784.0,0.58
702,20.0,0.81,4.2,-15.56,946.0,1736.0,1792.0,0.58
703,20.0,0.8,4.2,-15.97,947.0,1728.0,1808.0,0.38
704,20.0,0.8,4.2,-14.29,941.0,1776.0,1728.0,2.53
705,20.0,0.8,4.2,-12.96,938.0,1776.0,1744.0,2.73
706,20.0,0.8,4.2,-11.71,932.0,1800.0,1744.0,3.51
707,19.94,0.8,4.2,-12.55,935.0,1808.0,1800.0,3.7
708,19.94,0.8,4.2,-13.38,933.0,1760.0,1800.0,1.36
709,19.94,0.8,4.2,-16.31,930.0,1760.0,1808.0,1.17
710,19.94,0.8,4.2,-15.13,934.0,1736.0,1800.0,0.97
711,19.94,0.8,4.2,-15.06,924.0,1752.0,1752.0,0.77
712,19.94,0.8,4.2,-15.97,934.0,1784.0,1744.0,3.12
713,20.0,0.8,4.2,-14.64,931.0,1800.0,1736.0,3.12
714,20.0,0.8,4.2,-15.47,925.0,1728.0,1720.0,0.58
715,20.0,0.8,4.2,-14.22,925.0,1720.0,1720.0,0.38
716,20.0,0.8,4.2,-15.13,917.0,1704.0,1720.0,-0.01
717,20.0,0.8,4.2,-15.06,922.0,1696.0,1744.0,-0.2
718,20.0,0.8,4.2,-15.47,913.0,1712.0,1752.0,-0.2
719,19.94,0.8,4.2,-15.97,914.0,1728.0,1776.0,2.53
720,19.94,0.8,4.2,-14.22,915.0,1768.0,1712.0,2.53
721,19.94,0.8,4.2,-14.71,907.0,1776.0,1720.0,2.92
722,19.94,0.8,4.2,-15.13,912.0,1776.0,1712.0,2.92
723,19.94,0.8,4.2,-11.29,910.0,1736.0,1776.0,0.38
724,19.94,0.8,4.2,-11.77,903.0,1712.0,1776.0,0.19
725,19.94,0.8,4.2,-13.03,906.0,1696.0,1784.0,-0.01
726,19.94,0.8,4.2,-13.87,906.0,1784.0,1720.0,2.34
727,19.88,0.8,4.2,-16.82,901.0,1800.0,1744.0,2.34
728,19.88,0.8,4.21,-15.06,895.0,1784.0,1704.0,2.73
729,19.88,0.8,4.21,-15.13,893.0,1776.0,1752.0,0.38
730,19.94,0.79,4.21,-15.06,897.0,1728.0,1776.0,0.38
731,19.94,0.79,4.21,-15.89,892.0,1736.0,1784.0,0.19
732,19.94,0.79,4.21,-15.89,895.0,1728.0,1792.0,-0.4
733,19.94,0.79,4.21,-15.97,890.0,1704.0,1704.0,-0.79
734,19.94,0.79,4.21,-15.89,889.0,1688.0,1720.0,-0.79
735,19.94,0.8,4.21,-15.56,881.0,1712.0,1712.0,-0.98
736,19.88,0.79,4.21,-17.15,883.0,1768.0,1712.0,1.36
737,19.88,0.79,4.21,-14.22,881.0,1760.0,1712.0,1.56
738,19.88,0.79,4.21,-15.06,873.0,1768.0,1712.0,1.75
739,19.88,0.79,4.21,-13.8,875.0,1704.0,1752.0,-0.59
740,19.88,0.79,4.21,-14.22,870.0,1720.0,1768.0,-0.59
741,19.88,0.79,4.21,-14.64,869.0,1720.0,1760.0,-0.79
742,19.88,0.79,4.21,-12.19,870.0,1688.0,1720.0,-0.98
743,19.88,0.79,4.21,-15.06,867.0,1744.0,1720.0,1.36
744,19.88,0.79,4.21,-14.71,859.0,1768.0,1720.0,1.56
745,19.82,0.79,4.21,-17.98,859.0,1768.0,1720.0,2.14
746,19.82,0.79,4.21,-16.73,852.0,1800.0,1800.0,2.53
747,19.82,0.79,4.21,-17.56,860.0,1784.0,1808.0,2.73
748,19.82,0.79,4.21,-17.15,862.0,1744.0,1808.0,0.19
749,19.82,0.79,4.21,-17.15,859.0,1712.0,1800.0,0.19
750,19.82,0.79,4.21,-15.06,855.0,1720.0,1800.0,-0.01
751,19.82,0.79,4.21,-14.22,850.0,1728.0,1712.0,-0.2
752,19.82,0.79,4.21,-14.71,847.0,1688.0,1752.0,-0.4
753,19.82,0.79,4.21,-17.98,841.0,1752.0,1720.0,1.95
754,19.82,0.79,4.21,-16.31,839.0,1760.0,1720.0,2.14
755,19.82,0.79,4.21,-16.73,835.0,1776.0,1720.0,2.53
756,19.82,0.79,4.21,-17.98,838.0,1792.0,1816.0,2.92
757,19.76,0.79,4.22,-17.56,837.0,1800.0,1800.0,3.12
758,19.76,0.78,4.22,-15.47,834.0,1816.0,1784.0,3.31
759,19.82,0.78,4.22,-14.15,844.0,1728.0,1792.0,0.77
760,19.82,0.79,4.22,-15.47,829.0,1728.0,1824.0,0.77
761,19.82,0.78,4.22,-15.4,833.0,1752.0,1792.0,0.58
762,19.82,0.78,4.22,-15.4,831.0,1712.0,1712.0,0.38
763,19.82,0.78,4.22,-15.4,830.0,1736.0,1720.0,2.73
764,19.82,0.78,4.22,-16.73,820.0,1760.0,1704.0,2.73
765,19.82,0.78,4.22,-16.73,823.0,1760.0,1696.0,2.73
766,19.76,0.78,4.22,-18.73,820.0,1776.0,1712.0,3.7
767,19.76,0.78,4.22,-18.32,819.0,1760.0,1784.0,3.9
768,19.76,0.78,4.22,-17.98,816.0,1792.0,1776.0,4.68
769,19.76,0.78,4.22,-17.98,812.0,1792.0,1792.0,4.88
770,19.76,0.78,4.22,-17.07,813.0,1792.0,1800.0,4.88
771,19.76,0.78,4.22,-17.56,809.0,1760.0,1808.0,2.53
772,19.76,0.78,4.22,-18.82,801.0,1744.0,1808.0,2.34
773,19.76,0.78,4.22,-15.4,806.0,1736.0,1808.0,2.14
774,19.76,0.78,4.22,-13.8,806.0,1720.0,1768.0,2.14
775,19.76,0.78,4.22,-15.82,802.0,1720.0,1744.0,4.49
776,19.76,0.78,4.22,-17.15,796.0,1800.0,1736.0,4.49
777,19.76,0.78,4.22,-18.73,799.0,1800.0,1736.0,4.68
778,19.71,0.78,4.22,-17.56,790.0,1816.0,1752.0,4.88
779,19.71,0.78,4.22,-17.98,799.0,1752.0,1800.0,2.53
780,19.71,0.77,4.22,-17.9,790.0,1752.0,1800.0,2.34
781,19.76,0.77,4.23,-17.15,787.0,1736.0,1792.0,2.14
782,19.76,0.77,4.23,-17.9,780.0,1720.0,1744.0,1.95
783,19.76,0.77,4.23,-17.9,781.0,1744.0,1744.0,1.75
784,19.71,0.77,4.23,-17.98,783.0,1752.0,1728.0,1.56
785,19.71,0.77,4.23,-18.4,781.0,1800.0,1768.0,3.9
786,19.71,0.77,4.23,-17.9,779.0,1776.0,1776.0,4.09
787,19.71,0.77,4.23,-16.23,780.0,1808.0,1760.0,4.68
788,19.71,0.77,4.23,-18.4,778.0,1728.0,1792.0,2.14
789,19.71,0.77,4.23,-17.9,777.0,1720.0,1824.0,2.14
790,19.71,0.77,4.23,-16.65,770.0,1744.0,1808.0,1.95
791,19.71,0.77,4.23,-16.31,779.0,1752.0,1808.0,1.75
792,19.71,0.77,4.23,-17.15,772.0,1704.0,1752.0,1.36
793,19.71,0.77,4.23,-18.32,769.0,1736.0,1752.0,1.36
794,19.71,0.77,4.23,-18.32,766.0,1704.0,1752.0,1.17
795,19.71,0.77,4.23,-17.56,759.0,1696.0,1736.0,0.97
796,19.71,0.77,4.23,-17.98,752.0,1704.0,1784.0,0.77
797,19.65,0.77,4.23,-18.4,752.0,1688.0,1784.0,0.77
798,19.65,0.77,4.23,-19.15,744.0,1736.0,1840.0,1.17
799,19.65,0.77,4.23,-16.65,749.0,1784.0,1808.0,3.51
800,19.59,0.77,4.23,-18.4,745.0,1800.0,1768.0,3.9
801,19.59,0.76,4.23,-18.08,746.0,1808.0,1768.0,4.29
802,19.59,0.77,4.24,-16.82,749.0,1832.0,1744.0,4.49
803,19.59,0.77,4.24,-15.97,749.0,1776.0,1768.0,2.14
804,19.65,0.77,4.23,-17.15,747.0,1760.0,1744.0,1.95
805,19.65,0.76,4.24,-17.15,737.0,1752.0,1744.0,1.75
806,19.65,0.77,4.24,-18.4,739.0,1728.0,1752.0,1.75
807,19.65,0.76,4.24,-17.56,733.0,1744.0,1792.0,1.56
808,19.65,0.76,4.24,-16.31,733.0,1720.0,1776.0,1.36
809,19.59,0.76,4.24,-15.89,732.0,1720.0,1776.0,1.17
810,19.59,0.76,4.24,-16.31,734.0,1696.0,1792.0,1.17
811,19.59,0.76,4.24,-17.98,728.0,1752.0,1752.0,3.7
812,19.53,0.76,4.24,-18.4,722.0,1800.0,1720.0,4.09
813,19.53,0.76,4.24,-18.5,726.0,1792.0,1768.0,4.49
814,19.53,0.76,4.24,-15.47,728.0,1792.0,1800.0,5.46
815,19.59,0.76,4.24,-16.73,724.0,1808.0,1792.0,5.46
816,19.59,0.76,4.24,-16.31,729.0,1808.0,1816.0,3.31
817,19.59,0.76,4.24,-16.73,727.0,1768.0,1808.0,3.12
818,19.59,0.76,4.24,-16.73,722.0,1752.0,1776.0,3.12
819,19.59,0.76,4.24,-16.73,716.0,1720.0,1776.0,2.92
820,19.59,0.76,4.24,-16.73,714.0,1776.0,1752.0,5.27
821,19.59,0.76,4.24,-17.15,717.0,1808.0,1744.0,5.46
822,19.53,0.76,4.24,-19.65,717.0,1808.0,1760.0,5.85
823,19.53,0.76,4.24,-17.98,724.0,1816.0,1752.0,6.24
824,19.53,0.76,4.24,-19.24,715.0,1840.0,1792.0,6.44
825,19.53,0.76,4.25,-16.73,716.0,1808.0,1776.0,4.09
826,19.59,0.76,4.25,-16.31,708.0,1768.0,1776.0,4.09
827,19.59,0.76,4.24,-16.73,710.0,1752.0,1776.0,3.9
828,19.53,0.76,4.24,-14.64,709.0,1744.0,1792.0,3.7
829,19.53,0.76,4.24,-16.73,711.0,1752.0,1744.0,3.51
830,19.53,0.76,4.24,-16.31,706.0,1752.0,1720.0,3.31
831,19.53,0.76,4.25,-15.47,708.0,1752.0,1720.0,3.12
832,19.53,0.76,4.25,-17.48,706.0,1744.0,1744.0,2.92
833,19.53,0.76,4.25,-17.56,703.0,1760.0,1720.0,2.53
834,19.53,0.76,4.25,-17.56,707.0,1736.0,1776.0,2.34
835,19.53,0.76,4.25,-16.31,707.0,1728.0,1760.0,2.34
836,19.53,0.75,4.25,-16.31,704.0,1720.0,1776.0,2.14
837,19.53,0.75,4.25,-17.98,690.0,1696.0,1808.0,2.14
838,19.53,0.75,4.25,-17.15,690.0,1720.0,1720.0,1.95
839,19.53,0.75,4.25,-17.56,689.0,1752.0,1712.0,4.29
840,19.53,0.75,4.25,-17.56,694.0,1784.0,1752.0,4.49
841,19.53,0.75,4.25,-16.31,692.0,1784.0,1728.0,4.49
842,19.47,0.75,4.25,-17.98,698.0,1776.0,1760.0,4.68
843,19.47,0.75,4.25,-17.98,697.0,1760.0,1752.0,2.34
844,19.53,0.75,4.25,-16.73,698.0,1720.0,1752.0,2.34
845,19.53,0.75,4.25,-17.56,697.0,1720.0,1752.0,2.14
846,19.53,0.75,4.25,-16.31,690.0,1728.0,1720.0,1.75
847,19.53,0.75,4.25,-16.31,693.0,1720.0,1712.0,1.36
848,19.53,0.75,4.25,-17.48,692.0,1696.0,1704.0,1.17
849,19.53,0.75,4.25,-17.07,689.0,1680.0,1704.0,0.77
850,19.53,0.75,4.25,-17.56,688.0,1672.0,1712.0,0.58
851,19.53,0.75,4.26,-16.73,684.0,1688.0,1680.0,0.19
852,19.53,0.75,4.26,-13.38,690.0,1664.0,1680.0,-0.01
853,19.59,0.75,4.26,-12.9,680.0,1640.0,1632.0,-0.4
854,19.59,0.75,4.26,-13.8,680.0,1640.0,1680.0,-0.2
855,19.59,0.75,4.26,-14.64,677.0,1632.0,1680.0,-0.4
856,19.53,0.75,4.26,-10.82,682.0,1632.0,1680.0,-0.4
857,19.53,0.75,4.25,-15.06,684.0,1672.0,1672.0,1.95
858,19.53,0.75,4.25,-15.89,677.0,1712.0,1664.0,1.95
859,19.53,0.75,4.26,-15.06,677.0,1696.0,1656.0,1.95
860,19.53,0.75,4.26,-15.06,677.0,1696.0,1656.0,1.95
861,19.53,0.75,4.26,-15.13,674.0,1656.0,1728.0,-0.4
862,19.53,0.75,4.26,-16.73,675.0,1656.0,1704.0,-0.4
863,19.53,0.75,4.26,-16.31,675.0,1656.0,1720.0,-0.4
864,19.53,0.75,4.26,-18.73,676.0,1656.0,1752.0,1.95
865,19.53,0.74,4.26,-15.47,680.0,1696.0,1760.0,1.95
866,19.53,0.74,4.26,-15.06,678.0,1704.0,1680.0,2.34
867,19.53,0.74,4.26,-15.89,679.0,1696.0,1664.0,2.34
868,19.53,0.74,4.26,-14.22,671.0,1696.0,1664.0,2.53
869,19.53,0.75,4.26,-14.15,670.0,1688.0,1696.0,2.53
870,19.53,0.74,4.26,-14.64,671.0,1672.0,1672.0,-0.01
871,19.53,0.75,4.26,-14.57,672.0,1640.0,1688.0,-0.01
872,19.53,0.74,4.26,-14.64,678.0,1648.0,1640.0,-0.2
873,19.53,0.74,4.26,-13.38,675.0,1648.0,1688.0,-0.59
874,19.53,0.75,4.26,-13.74,674.0,1616.0,1632.0,-0.79
875,19.53,0.74,4.26,-14.22,677.0,1640.0,1656.0,-0.79
876,19.53,0.74,4.26,-13.8,676.0,1600.0,1656.0,-0.98
877,19.53,0.74,4.26,-14.15,668.0,1624.0,1632.0,-1.18
878,19.53,0.74,4.26,-15.4,670.0,1624.0,1592.0,-1.18
879,19.53,0.74,4.26,-17.9,665.0,1648.0,1640.0,1.17
880,19.53,0.74,4.26,-16.31,668.0,1680.0,1640.0,1.17
881,19.53,0.74,4.26,-16.23,668.0,1672.0,1680.0,1.75
882,19.53,0.74,4.26,-16.23,665.0,1704.0,1672.0,1.95
883,19.53,0.74,4.26,-17.07,677.0,1656.0,1688.0,1.95
884,19.53,0.74,4.26,-17.9,679.0,1584.0,1744.0,-0.4
885,19.59,0.74,4.26,-17.07,667.0,1616.0,1696.0,-0.4
886,19.59,0.74,4.26,-14.99,665.0,1584.0,1696.0,-0.59
887,19.59,0.74,4.26,-15.89,660.0,1624.0,1704.0,-0.59
888,19.59,0.74,4.26,-16.23,666.0,1688.0,1608.0,1.75
889,19.59,0.74,4.26,-16.23,662.0,1672.0,1616.0,1.75
890,19.59,0.74,4.26,-16.23,668.0,1672.0,1656.0,1.95
891,19.59,0.74,4.26,-17.07,668.0,1616.0,1616.0,2.53
892,19.59,0.74,4.26,-17.15,673.0,1640.0,1600.0,2.34
893,19.59,0.74,4.26,-17.48,671.0,1592.0,1600.0,-0.01
894,19.59,0.74,4.26,-17.48,676.0,1592.0,1592.0,-0.01
895,19.59,0.74,4.26,-17.48,670.0,1600.0,1600.0,-0.01
896,19.59,0.74,4.26,-17.48,669.0,1576.0,1600.0,-0.2
897,19.59,0.74,4.26,-17.48,665.0,1576.0,1576.0,-0.4
898,19.59,0.74,4.26,-17.48,671.0,1568.0,1656.0,-0.4
899,19.59,0.74,4.26,-19.15,665.0,1568.0,1648.0,-0.59
900,19.59,0.74,4.26,-18.32,669.0,1592.0,1640.0,-0.59
901,19.65,0.74,4.26,-18.32,678.0,1576.0,1640.0,1.75
902,19.65,0.74,4.26,-16.23,676.0,1616.0,1584.0,1.75
903,19.65,0.74,4.26,-16.73,673.0,1592.0,1592.0,1.95
904,19.65,0.74,4.26,-16.23,670.0,1600.0,1568.0,1.95
905,19.65,0.74,4.26,-17.48,667.0,1592.0,1552.0,1.56
906,19.65,0.74,4.26,-17.48,659.0,1552.0,1560.0,-0.59
907,19.65,0.74,4.26,-17.56,662.0,1536.0,1584.0,-0.79
908,19.65,0.74,4.26,-17.48,662.0,1552.0,1568.0,-0.79
909,19.65,0.74,4.26,-17.56,654.0,1552.0,1560.0,-0.98
910,19.65,0.74,4.26,-17.48,658.0,1568.0,1584.0,-1.18
911,19.65,0.74,4.27,-18.4,659.0,1568.0,1568.0,-1.18
912,19.65,0.74,4.27,-15.47,663.0,1520.0,1600.0,-1.37
913,19.65,0.74,4.27,-14.99,663.0,1528.0,1608.0,-1.37
914,19.65,0.74,4.27,-15.82,663.0,1528.0,1616.0,-1.37
915,19.65,0.74,4.27,-15.82,659.0,1544.0,1624.0,-1.37
916,19.65,0.74,4.27,-15.4,657.0,1600.0,1528.0,1.17
917,19.65,0.74,4.27,-16.23,657.0,1568.0,1528.0,1.17
918,19.65,0.74,4.27,-16.23,658.0,1592.0,1544.0,1.36
919,19.65,0.74,4.27,-16.23,661.0,1584.0,1560.0,1.36
920,19.65,0.74,4.27,-16.31,657.0,1600.0,1592.0,-0.79
921,19.65,0.74,4.27,-16.31,654.0,1520.0,1600.0,-0.98
922,19.65,0.73,4.27,-17.07,654.0,1528.0,1608.0,-0.98
923,19.65,0.74,4.27,-17.07,647.0,1544.0,1592.0,-1.18
924,19.65,0.74,4.27,-16.65,649.0,1584.0,1632.0,1.17
925,19.65,0.74,4.27,-16.31,650.0,1576.0,1600.0,1.17
926,19.65,0.74,4.27,-17.07,649.0,1576.0,1600.0,1.56
927,19.65,0.74,4.27,-16.65,651.0,1600.0,1568.0,1.95
928,19.65,0.73,4.27,-17.9,658.0,1624.0,1576.0,1.95
929,19.65,0.73,4.27,-17.56,657.0,1616.0,1576.0,1.95
930,19.65,0.73,4.27,-16.23,659.0,1592.0,1560.0,1.95
931,19.65,0.73,4.27,-16.65,657.0,1600.0,1560.0,-0.4
932,19.65,0.73,4.27,-16.23,659.0,1512.0,1520.0,-0.59
933,19.65,0.73,4.27,-16.65,658.0,1520.0,1520.0,-0.79
934,19.65,0.73,4.27,-14.15,651.0,1496.0,1504.0,-0.79
935,19.65,0.73,4.27,-12.13,643.0,1480.0,1520.0,-0.98
936,19.65,0.73,4.27,-13.38,646.0,1464.0,1512.0,-1.18
937,19.65,0.73,4.27,-15.06,639.0,1480.0,1576.0,-1.18
938,19.65,0.73,4.27,-15.89,640.0,1528.0,1552.0,-0.79
939,19.59,0.73,4.27,-15.47,643.0,1528.0,1576.0,-0.2
940,19.59,0.73,4.27,-15.47,643.0,1552.0,1592.0,0.58
941,19.59,0.73,4.27,-15.47,641.0,1608.0,1616.0,2.92
942,19.53,0.73,4.27,-15.4,646.0,1600.0,1624.0,3.12
943,19.53,0.73,4.27,-15.89,641.0,1624.0,1640.0,3.51
944,19.53,0.73,4.27,-15.89,645.0,1616.0,1656.0,4.29
945,19.53,0.73,4.27,-17.56,652.0,1648.0,1576.0,4.49
946,19.59,0.73,4.27,-14.99,654.0,1600.0,1576.0,4.49
947,19.65,0.73,4.27,-15.82,653.0,1600.0,1576.0,4.49
948,19.65,0.73,4.27,-16.23,651.0,1592.0,1552.0,4.09
949,19.65,0.73,4.27,-16.23,644.0,1528.0,1552.0,1.75
950,19.65,0.73,4.27,-16.23,649.0,1552.0,1552.0,1.75
951,19.71,0.73,4.27,-16.23,650.0,1544.0,1552.0,1.56
952,19.71,0.73,4.27,-16.23,644.0,1520.0,1536.0,1.36
953,19.71,0.73,4.27,-16.23,644.0,1504.0,1528.0,0.77
954,19.71,0.73,4.27,-16.23,650.0,1528.0,1528.0,0.58
955,19.71,0.73,4.27,-17.9,648.0,1504.0,1528.0,0.38
956,19.71,0.73,4.27,-17.48,654.0,1520.0,1528.0,0.38
957,19.71,0.73,4.27,-17.48,654.0,1504.0,1520.0,0.19
958,19.71,0.73,4.27,-17.48,644.0,1504.0,1552.0,-0.01
959,19.71,0.73,4.27,-17.48,647.0,1496.0,1568.0,-0.01
960,19.71,0.73,4.27,-17.48,645.0,1488.0,1568.0,-0.01
961,19.71,0.73,4.27,-17.48,646.0,1488.0,1576.0,-0.2
962,19.71,0.73,4.27,-17.56,642.0,1488.0,1496.0,2.14
963,19.71,0.73,4.27,-17.56,644.0,1536.0,1544.0,2.14
964,19.71,0.73,4.27,-15.47,639.0,1552.0,1520.0,2.14
965,19.71,0.73,4.27,-15.82,647.0,1536.0,1528.0,2.34
966,19.71,0.73,4.27,-16.23,643.0,1528.0,1536.0,2.34
967,19.71,0.73,4.27,-16.23,646.0,1504.0,1584.0,-0.01
968,19.71,0.73,4.27,-16.23,643.0,1512.0,1544.0,-0.01
969,19.71,0.73,4.27,-16.23,646.0,1504.0,1568.0,-0.01
970,19.71,0.73,4.27,-17.48,641.0,1504.0,1568.0,-0.2
971,19.71,0.73,4.27,-17.9,641.0,1472.0,1528.0,-0.2
972,19.71,0.73,4.27,-18.82,639.0,1496.0,1512.0,-0.4
973,19.71,0.73,4.27,-18.32,636.0,1472.0,1528.0,-0.4
974,19.71,0.73,4.27,-15.89,638.0,1464.0,1520.0,-0.4
975,19.71,0.73,4.27,-14.15,636.0,1544.0,1512.0,1.75
976,19.71,0.73,4.27,-14.57,641.0,1528.0,1504.0,1.75
977,19.71,0.73,4.27,-13.8,644.0,1528.0,1512.0,1.95
978,19.71,0.73,4.27,-14.57,642.0,1536.0,1488.0,1.95
979,19.71,0.73,4.27,-14.57,645.0,1536.0,1520.0,-0.4
980,19.71,0.73,4.27,-14.57,648.0,1480.0,1520.0,-0.59
981,19.71,0.73,4.27,-14.99,652.0,1472.0,1512.0,-0.59
982,19.71,0.73,4.27,-14.99,644.0,1456.0,1504.0,-0.79
983,19.71,0.73,4.27,-14.15,639.0,1456.0,1504.0,-1.18
984,19.71,0.73,4.27,-14.57,639.0,1440.0,1480.0,-1.18
985,19.71,0.73,4.27,-14.64,642.0,1472.0,1448.0,-1.37
986,19.71,0.73,4.27,-14.64,639.0,1440.0,1488.0,-1.57
987,19.71,0.73,4.27,-14.15,634.0,1456.0,1464.0,-1.57
988,19.71,0.73,4.27,-13.8,643.0,1464.0,1472.0,-1.57
989,19.71,0.73,4.27,-14.22,641.0,1440.0,1448.0,-1.76
990,19.71,0.73,4.27,-13.74,646.0,1472.0,1512.0,-1.76
991,19.71,0.73,4.27,-16.65,644.0,1424.0,1480.0,-1.76
992,19.71,0.73,4.27,-15.4,645.0,1424.0,1528.0,-1.96
993,19.76,0.73,4.27,-15.4,637.0,1456.0,1544.0,-1.96
994,19.71,0.73,4.27,-17.15,638.0,1440.0,1488.0,-2.15
995,19.71,0.73,4.27,-14.64,637.0,1504.0,1464.0,0.19
996,19.71,0.73,4.27,-13.74,643.0,1488.0,1504.0,0.19
997,19.71,0.73,4.27,-14.64,641.0,1488.0,1464.0,0.19
998,19.71,0.73,4.27,-14.99,632.0,1472.0,1480.0,0.38
999,19.71,0.73,4.27,-13.74,634.0,1448.0,1488.0,-1.96
1000,19.71,0.73,4.27,-15.89,633.0,1464.0,1536.0,-1.96
1001,19.65,0.73,4.27,-15.4,642.0,1432.0,1536.0,-2.15
1002,19.65,0.73,4.27,-15.4,640.0,1432.0,1496.0,-1.96
1003,19.65,0.73,4.27,-16.23,641.0,1440.0,1560.0,0.38
1004,19.65,0.73,4.27,-16.23,641.0,1496.0,1496.0,0.58
1005,19.71,0.73,4.27,-17.48,641.0,1520.0,1440.0,0.58
1006,19.71,0.73,4.28,-19.15,638.0,1496.0,1488.0,0.58
1007,19.71,0.73,4.28,-17.9,644.0,1480.0,1432.0,0.19
1008,19.76,0.72,4.28,-16.23,639.0,1432.0,1480.0,-1.96
1009,19.76,0.72,4.28,-16.65,637.0,1440.0,1480.0,-2.15
1010,19.76,0.73,4.28,-15.4,634.0,1416.0,1456.0,-2.15
1011,19.76,0.73,4.28,-15.47,639.0,1440.0,1456.0,-2.35
1012,19.76,0.73,4.28,-13.74,640.0,1440.0,1464.0,-2.55
1013,19.76,0.73,4.27,-15.4,640.0,1432.0,1464.0,-2.74
1014,19.76,0.73,4.28,-18.32,638.0,1416.0,1448.0,-2.94
1015,19.76,0.73,4.28,-16.23,631.0,1440.0,1448.0,-2.94
1016,19.76,0.73,4.28,-16.23,634.0,1432.0,1456.0,-3.13
1017,19.76,0.72,4.28,-16.65,639.0,1424.0,1464.0,-3.13
1018,19.76,0.73,4.28,-15.47,636.0,1432.0,1432.0,-3.13
1019,19.76,0.73,4.28,-16.65,638.0,1432.0,1480.0,-3.33
1020,19.76,0.72,4.28,-16.65,637.0,1416.0,1480.0,-3.33
1021,19.76,0.72,4.28,-16.65,634.0,1400.0,1480.0,-3.33
1022,19.76,0.73,4.28,-17.07,632.0,1400.0,1496.0,-3.13
1023,19.76,0.73,4.28,-17.56,636.0,1408.0,1480.0,-2.74
1024,19.76,0.73,4.28,-17.07,633.0,1456.0,1456.0,-0.59
1025,19.76,0.73,4.28,-17.07,626.0,1472.0,1432.0,-0.4
1026,19.76,0.73,4.28,-19.98,628.0,1456.0,1448.0,-0.4
1027,19.76,0.72,4.28,-17.07,637.0,1456.0,1448.0,-0.2
1028,19.76,0.73,4.28,-17.56,632.0,1480.0,1440.0,-2.35
1029,19.76,0.73,4.28,-17.48,634.0,1416.0,1448.0,-2.55
1030,19.76,0.72,4.28,-20.4,633.0,1376.0,1456.0,-2.55
1031,19.76,0.72,4.28,-19.15,630.0,1376.0,1416.0,-2.74
1032,19.76,0.73,4.28,-18.32,628.0,1424.0,1480.0,-2.94
1033,19.76,0.72,4.28,-18.4,626.0,1392.0,1480.0,-0.59
1034,19.76,0.72,4.28,-17.98,629.0,1464.0,1504.0,-0.59
1035,19.76,0.72,4.28,-16.23,631.0,1432.0,1392.0,-0.4
1036,19.71,0.72,4.28,-17.15,628.0,1488.0,1448.0,0.19
1037,19.71,0.72,4.28,-17.48,628.0,1456.0,1448.0,0.58
1038,19.71,0.72,4.28,-18.73,628.0,1504.0,1408.0,0.77
1039,19.71,0.72,4.28,-18.82,622.0,1432.0,1448.0,0.77
1040,19.71,0.72,4.28,-18.82,626.0,1416.0,1416.0,-1.57
1041,19.71,0.72,4.28,-17.56,623.0,1384.0,1408.0,-1.76
1042,19.71,0.72,4.28,-17.98,621.0,1384.0,1456.0,-1.76
1043,19.71,0.72,4.28,-17.98,618.0,1400.0,1424.0,-1.96
1044,19.71,0.72,4.28,-17.15,616.0,1408.0,1424.0,-1.96
1045,19.71,0.72,4.28,-17.15,614.0,1408.0,1424.0,-2.15
1046,19.71,0.72,4.28,-17.56,615.0,1400.0,1464.0,-2.15
1047,19.71,0.72,4.28,-17.56,616.0,1448.0,1464.0,0.19
1048,19.71,0.72,4.28,-16.73,623.0,1464.0,1464.0,0.58
1049,19.71,0.72,4.28,-17.9,623.0,1464.0,1464.0,0.97
1050,19.71,0.72,4.28,-17.9,625.0,1472.0,1480.0,1.36
1051,19.71,0.72,4.28,-21.23,626.0,1480.0,1472.0,1.75
1052,19.71,0.72,4.28,-18.32,622.0,1504.0,1432.0,1.75
1053,19.71,0.72,4.28,-18.4,626.0,1480.0,1424.0,1.75
1054,19.71,0.72,4.28,-15.82,621.0,1472.0,1408.0,1.75
1055,19.71,0.72,4.28,-18.4,621.0,1496.0,1440.0,1.17
1056,19.71,0.72,4.28,-18.32,622.0,1440.0,1424.0,-0.98
1057,19.71,0.72,4.28,-18.32,620.0,1408.0,1432.0,-1.18
1058,19.71,0.72,4.28,-18.32,622.0,1432.0,1416.0,-1.37
1059,19.71,0.72,4.28,-18.4,623.0,1432.0,1408.0,-1.57
1060,19.71,0.72,4.28,-18.32,623.0,1424.0,1424.0,-1.96
1061,19.71,0.72,4.28,-18.32,624.0,1416.0,1464.0,-2.15
1062,19.71,0.72,4.28,-19.56,622.0,1376.0,1472.0,-2.15
1063,19.71,0.72,4.28,-16.31,621.0,1376.0,1464.0,-2.35
1064,19.71,0.72,4.28,-14.64,620.0,1384.0,1464.0,-2.35
1065,19.71,0.72,4.28,-12.96,619.0,1384.0,1480.0,-2.55
1066,19.71,0.72,4.28,-12.13,618.0,1384.0,1392.0,-2.55
1067,19.71,0.72,4.28,-12.07,615.0,1384.0,1432.0,-2.74
1068,19.71,0.72,4.28,-12.96,611.0,1360.0,1400.0,-2.74
1069,19.71,0.72,4.28,-13.38,611.0,1352.0,1392.0,-2.74
1070,19.71,0.72,4.28,-15.89,609.0,1392.0,1400.0,-2.94
1071,19.71,0.72,4.28,-17.15,601.0,1432.0,1392.0,-0.59
1072,19.65,0.72,4.28,-15.47,602.0,1440.0,1400.0,-0.59
1073,19.59,0.72,4.28,-15.47,600.0,1488.0,1400.0,-0.59
1074,19.59,0.72,4.28,-15.56,601.0,1480.0,1432.0,-0.4
1075,19.59,0.72,4.28,-15.47,602.0,1432.0,1424.0,-0.4
1076,19.59,0.72,4.28,-15.89,605.0,1384.0,1480.0,-2.94
1077,19.59,0.72,4.28,-18.82,607.0,1384.0,1472.0,-2.94
1078,19.59,0.72,4.28,-18.82,607.0,1400.0,1488.0,-2.94
1079,19.59,0.72,4.29,-18.82,595.0,1304.0,1400.0,-3.13
1080,19.59,0.72,4.29,-18.82,594.0,1304.0,1408.0,-3.13
1081,19.59,0.72,4.29,-18.5,587.0,1368.0,1368.0,-0.79
1082,19.59,0.72,4.29,-17.98,584.0,1376.0,1344.0,-0.79
1083,19.59,0.72,4.29,-18.5,582.0,1392.0,1352.0,-0.4
1084,19.53,0.72,4.29,-18.5,578.0,1368.0,1360.0,-0.01
1085,19.53,0.72,4.29,-18.08,573.0,1472.0,1368.0,0.58
1086,19.47,0.72,4.29,-18.08,573.0,1440.0,1424.0,1.17
1087,19.47,0.72,4.29,-17.98,575.0,1440.0,1416.0,1.75
1088,19.47,0.71,4.29,-17.98,580.0,1448.0,1456.0,2.34
1089,19.41,0.72,4.29,-17.98,578.0,1464.0,1464.0,2.73
1090,19.41,0.71,4.29,-17.15,582.0,1456.0,1472.0,2.73
1091,19.41,0.72,4.29,-1.67,581.0,1544.0,1584.0,2.73
1092,19.18,0.74,4.25,-9.2,578.0,1648.0,1744.0,0.38
1093,18.7,0.75,4.25,-13.38,570.0,1768.0,1896.0,0.38
1094,18.41,0.75,4.25,-12.19,555.0,1840.0,1944.0,0.38
1095,18.17,0.75,4.23,-7.19,540.0,1952.0,2080.0,0.19
1096,17.58,0.78,4.22,-13.95,548.0,2112.0,2224.0,0.19
1097,17.05,0.77,4.23,-19.87,560.0,2224.0,2296.0,-0.01
1098,17.05,0.76,4.24,-17.98,578.0,2200.0,2280.0,-0.01
1099,17.17,0.76,4.24,-15.4,583.0,2144.0,2200.0,-0.01
1100,17.29,0.76,4.24,-13.32,578.0,2104.0,2168.0,-0.2
1101,17.35,0.76,4.24,-11.24,580.0,2096.0,2152.0,-0.2
1102,17.35,0.76,4.24,-9.16,581.0,2104.0,2192.0,-0.4
1103,17.35,0.76,4.24,-8.74,584.0,2080.0,2152.0,-0.4
1104,17.35,0.76,4.24,-8.68,584.0,2184.0,2168.0,1.95
1105,17.35,0.76,4.24,-8.33,579.0,2176.0,2176.0,1.95
1106,17.35,0.76,4.24,-7.49,583.0,2176.0,2176.0,1.95
1107,17.35,0.76,4.24,-8.27,583.0,2160.0,2160.0,1.95
1108,17.35,0.76,4.24,-8.33,583.0,2120.0,2160.0,-0.4
1109,17.35,0.76,4.24,-8.68,587.0,2112.0,2168.0,-0.4
1110,17.35,0.77,4.23,-8.27,590.0,2128.0,2208.0,-0.59
1111,17.35,0.77,4.24,-7.91,585.0,2104.0,2232.0,-0.59
1112,17.35,0.76,4.23,-7.91,588.0,2096.0,2224.0,-0.59
1113,17.35,0.77,4.23,-7.91,586.0,2104.0,2280.0,-0.59
1114,17.35,0.77,4.23,-8.74,593.0,2200.0,2208.0,1.75
1115,17.35,0.77,4.23,-10.82,601.0,2232.0,2232.0,1.95
1116,17.35,0.77,4.23,-12.49,596.0,2248.0,2192.0,2.14
1117,17.35,0.77,4.23,-11.66,596.0,2176.0,2144.0,2.14
1118,17.4,0.77,4.23,-11.66,592.0,2240.0,2144.0,-0.01
1119,17.4,0.77,4.23,-10.82,594.0,2136.0,2176.0,-0.01
1120,17.4,0.77,4.23,-10.41,586.0,2120.0,2208.0,-0.2
1121,17.35,0.77,4.23,-10.46,584.0,2120.0,2208.0,-0.2
1122,17.35,0.77,4.23,-10.82,586.0,2176.0,2296.0,-0.2
1123,17.35,0.77,4.23,-10.82,596.0,2112.0,2256.0,-0.2
1124,17.35,0.77,4.23,-9.62,596.0,2224.0,2232.0,2.14
1125,17.35,0.77,4.23,-10.41,598.0,2256.0,2216.0,2.34
1126,17.35,0.77,4.23,-10.41,600.0,2176.0,2200.0,2.34
1127,17.35,0.77,4.23,-10.41,597.0,2272.0,2216.0,2.53
1128,17.35,0.77,4.23,-9.99,596.0,2232.0,2176.0,2.34
1129,17.35,0.77,4.23,-9.57,600.0,2144.0,2160.0,-0.01
1130,17.35,0.77,4.23,-8.36,602.0,2112.0,2224.0,-0.01
1131,17.35,0.77,4.23,-7.07,596.0,2128.0,2160.0,-0.2
1132,17.35,0.77,4.23,-7.07,596.0,2104.0,2144.0,-0.2
1133,17.4,0.77,4.23,-7.49,590.0,2112.0,2176.0,-0.4
1134,17.4,0.77,4.23,-7.49,590.0,2136.0,2168.0,-0.4
1135,17.4,0.77,4.23,-9.99,593.0,2168.0,2232.0,-0.59
1136,17.4,0.77,4.23,-12.49,592.0,2168.0,2272.0,-0.59
1137,17.4,0.77,4.23,-13.32,594.0,2160.0,2264.0,-0.4
1138,17.4,0.77,4.23,-13.32,595.0,2184.0,2152.0,1.95
1139,17.4,0.77,4.23,-14.99,593.0,2168.0,2168.0,2.14
1140,17.4,0.77,4.23,-14.15,594.0,2176.0,2224.0,2.14
1141,17.4,0.77,4.23,-14.15,594.0,2232.0,2176.0,2.73
1142,17.4,0.77,4.23,-14.15,597.0,2208.0,2136.0,2.92
1143,17.4,0.77,4.23,-14.15,593.0,2256.0,2272.0,2.92
1144,17.4,0.77,4.23,-14.15,591.0,2112.0,2248.0,0.58
1145,17.4,0.77,4.23,-14.15,591.0,2176.0,2232.0,0.38
1146,17.4,0.77,4.23,-14.15,593.0,2176.0,2280.0,0.38
1147,17.4,0.77,4.23,-14.15,601.0,2120.0,2152.0,0.19
1148,17.4,0.77,4.23,-14.15,600.0,2112.0,2168.0,-0.01
1149,17.4,0.77,4.23,-14.15,599.0,2168.0,2192.0,-0.2
1150,17.4,0.77,4.23,-14.15,601.0,2168.0,2184.0,-0.2
1151,17.4,0.77,4.23,-14.22,596.0,2112.0,2192.0,-0.4
1152,17.4,0.77,4.23,-14.15,596.0,2112.0,2216.0,-0.4
1153,17.4,0.77,4.23,-14.15,594.0,2144.0,2176.0,-0.59
1154,17.4,0.77,4.23,-14.15,595.0,2144.0,2136.0,-0.59
1155,17.4,0.77,4.23,-14.15,595.0,2112.0,2208.0,-0.79
1156,17.4,0.77,4.23,-14.22,591.0,2168.0,2248.0,-0.79
1157,17.4,0.77,4.23,-14.15,604.0,2160.0,2264.0,-0.79
1158,17.4,0.77,4.23,-14.15,599.0,2088.0,2240.0,-0.79
1159,17.4,0.77,4.23,-14.15,595.0,2128.0,2264.0,-0.4
1160,17.4,0.77,4.23,-14.15,591.0,2184.0,2160.0,1.75
1161,17.4,0.77,4.23,-14.15,591.0,2176.0,2136.0,1.95
1162,17.4,0.77,4.23,-14.15,595.0,2192.0,2160.0,2.14
1163,17.4,0.77,4.23,-14.15,600.0,2176.0,2176.0,2.14
1164,17.4,0.77,4.23,-14.57,596.0,2144.0,2240.0,-0.2
1165,17.4,0.77,4.23,-15.82,599.0,2144.0,2232.0,-0.2
1166,17.4,0.77,4.23,-16.23,599.0,2144.0,2232.0,-0.2
1167,17.4,0.76,4.23,-13.74,601.0,2080.0,2224.0,-0.4
1168,17.46,0.77,4.23,-15.82,595.0,2056.0,2104.0,-0.59
1169,17.46,0.77,4.23,-12.07,599.0,2080.0,2088.0,-0.59
1170,17.46,0.77,4.23,-13.8,591.0,2120.0,2128.0,-0.79
1171,17.46,0.77,4.23,-14.15,594.0,2216.0,2136.0,1.56
1172,17.46,0.76,4.23,-14.15,597.0,2200.0,2144.0,1.56
1173,17.46,0.77,4.23,-14.57,599.0,2184.0,2144.0,1.75
1174,17.46,0.76,4.24,-17.07,601.0,2128.0,2136.0,1.75
1175,17.52,0.76,4.24,-14.57,595.0,2136.0,2200.0,-0.59
1176,17.52,0.76,4.23,-12.07,592.0,2080.0,2176.0,-0.79
1177,17.52,0.76,4.24,-12.55,594.0,2128.0,2200.0,-0.79
1178,17.52,0.76,4.24,-14.99,594.0,2096.0,2152.0,1.56
1179,17.52,0.76,4.24,-17.48,594.0,2112.0,2144.0,1.56
1180,17.52,0.76,4.24,-18.4,590.0,2128.0,2104.0,1.56
1181,17.52,0.76,4.24,-17.56,595.0,2128.0,2112.0,1.75
1182,17.52,0.76,4.24,-15.82,589.0,2184.0,2152.0,1.95
1183,17.52,0.76,4.24,-15.89,596.0,2056.0,2104.0,-0.4
1184,17.52,0.76,4.24,-15.82,595.0,2064.0,2080.0,-0.59
1185,17.52,0.76,4.24,-15.82,591.0,2128.0,2096.0,-0.79
1186,17.52,0.76,4.24,-15.4,601.0,2056.0,2080.0,-0.79
1187,17.52,0.76,4.24,-15.82,599.0,2064.0,2128.0,-0.98
1188,17.52,0.76,4.24,-15.47,589.0,2072.0,2152.0,-1.18
1189,17.52,0.76,4.24,-15.47,598.0,2056.0,2120.0,-1.57
1190,17.52,0.76,4.24,-15.4,594.0,2040.0,2144.0,-1.76
1191,17.52,0.76,4.24,-14.99,596.0,2072.0,2152.0,-1.57
1192,17.52,0.76,4.24,-15.47,599.0,2080.0,2168.0,-1.76
1193,17.52,0.76,4.24,-15.4,596.0,2024.0,2120.0,-1.96
1194,17.52,0.76,4.24,-15.47,590.0,2056.0,2192.0,-2.15
1195,17.52,0.76,4.24,-15.4,591.0,1992.0,2120.0,-2.35
1196,17.52,0.76,4.24,-15.4,594.0,2064.0,2096.0,-2.35
1197,17.52,0.76,4.24,-15.4,595.0,2056.0,2112.0,-2.55
1198,17.52,0.76,4.24,-15.47,588.0,2040.0,2096.0,-2.55
1199,17.52,0.76,4.24,-15.47,598.0,1992.0,2104.0,-2.74
1200,17.52,0.76,4.24,-15.47,593.0,1976.0,2120.0,-2.94
1201,17.52,0.76,4.24,-15.4,594.0,2000.0,2024.0,-2.94
1202,17.52,0.76,4.24,-15.4,586.0,1992.0,2080.0,-2.94
1203,17.52,0.76,4.24,-15.47,589.0,2048.0,2088.0,-0.59
1204,17.52,0.76,4.24,-16.65,593.0,2112.0,2056.0,-0.59
1205,17.52,0.76,4.24,-16.31,593.0,2112.0,2096.0,-0.59
1206,17.52,0.76,4.24,-16.31,597.0,2128.0,2088.0,-0.4
1207,17.52,0.76,4.24,-16.23,596.0,2112.0,2088.0,-2.55
1208,17.52,0.76,4.24,-16.73,593.0,2064.0,2056.0,-2.55
1209,17.52,0.76,4.24,-16.73,594.0,2016.0,2088.0,-2.74
1210,17.52,0.76,4.24,-16.73,596.0,2040.0,2040.0,-2.94
1211,17.52,0.76,4.24,-16.73,593.0,1976.0,2048.0,-2.94
1212,17.52,0.76,4.24,-16.65,598.0,2008.0,2040.0,-3.13
1213,17.52,0.76,4.24,-16.73,589.0,1992.0,2056.0,-3.33
1214,17.52,0.76,4.24,-16.73,596.0,1976.0,1992.0,-3.33
1215,17.52,0.76,4.24,-16.73,586.0,2024.0,2056.0,-3.52
1216,17.52,0.76,4.24,-16.73,583.0,2000.0,2032.0,-3.52
1217,17.52,0.76,4.24,-16.73,585.0,1952.0,2048.0,-3.72
1218,17.52,0.76,4.24,-16.73,586.0,2008.0,2056.0,-1.37
1219,17.52,0.76,4.24,-16.65,587.0,2040.0,2040.0,-1.37
1220,17.52,0.76,4.24,-16.73,587.0,2096.0,2040.0,-1.18
1221,17.52,0.76,4.24,-16.73,588.0,2096.0,2080.0,-1.37
1222,17.52,0.76,4.24,-17.15,593.0,1968.0,2144.0,-3.72
1223,17.52,0.76,4.24,-17.15,594.0,1952.0,2064.0,-3.72
1224,17.52,0.76,4.24,-17.15,586.0,1984.0,2144.0,-3.91
1225,17.52,0.76,4.24,-16.73,596.0,1952.0,2136.0,-4.11
1226,17.52,0.76,4.24,-17.48,593.0,2024.0,2032.0,-4.11
1227,17.52,0.76,4.24,-16.65,595.0,1992.0,2048.0,-4.11
1228,17.52,0.76,4.24,-17.15,595.0,1920.0,2008.0,-4.3
1229,17.58,0.76,4.24,-16.73,594.0,1984.0,1992.0,-4.3
1230,17.58,0.76,4.24,-17.15,587.0,1952.0,1960.0,-4.5
1231,17.58,0.76,4.24,-17.15,588.0,1920.0,1968.0,-4.5
1232,17.58,0.76,4.24,-17.15,580.0,1952.0,2072.0,-4.69
1233,17.58,0.76,4.24,-17.15,584.0,1952.0,2080.0,-4.69
1234,17.58,0.76,4.24,-17.15,590.0,1928.0,2056.0,-4.3
1235,17.58,0.76,4.24,-17.07,587.0,1968.0,2080.0,-4.11
1236,17.58,0.76,4.24,-17.56,586.0,2056.0,2040.0,-1.76
1237,17.58,0.76,4.24,-17.98,581.0,2024.0,1960.0,-1.76
1238,17.58,0.76,4.24,-16.31,589.0,2048.0,2040.0,-1.57
1239,17.58,0.76,4.24,-17.15,587.0,2056.0,2024.0,-1.18
1240,17.58,0.76,4.24,-16.31,592.0,2056.0,2024.0,-3.52
1241,17.58,0.76,4.24,-17.07,586.0,2008.0,1992.0,-3.52
1242,17.58,0.76,4.24,-16.73,590.0,1968.0,2032.0,-3.72
1243,17.58,0.76,4.24,-15.47,593.0,2016.0,2008.0,-3.72
1244,17.58,0.76,4.24,-15.06,595.0,1928.0,1960.0,-3.91
1245,17.58,0.76,4.24,-16.73,586.0,1944.0,2016.0,-4.11
1246,17.58,0.76,4.24,-16.73,590.0,1960.0,2000.0,-4.11
1247,17.64,0.76,4.24,-16.31,583.0,1904.0,2000.0,-4.3
1248,17.64,0.76,4.24,-16.31,588.0,1960.0,2000.0,-4.5
1249,17.64,0.76,4.24,-15.89,586.0,1960.0,2008.0,-4.5
1250,17.64,0.76,4.24,-16.31,592.0,1960.0,1984.0,-4.69
1251,17.64,0.76,4.24,-14.57,591.0,1960.0,1992.0,-4.89
1252,17.64,0.76,4.24,-15.4,595.0,1880.0,1960.0,-5.28
1253,17.64,0.76,4.24,-15.4,591.0,1928.0,1992.0,-5.47
1254,17.64,0.76,4.24,-15.47,591.0,1888.0,1968.0,-5.47
1255,17.64,0.76,4.24,-15.47,583.0,1896.0,1904.0,-5.47
1256,17.64,0.76,4.24,-15.06,579.0,1896.0,1976.0,-5.47
1257,17.58,0.76,4.24,-15.47,581.0,1928.0,2064.0,-5.47
1258,17.58,0.76,4.24,-15.4,576.0,1936.0,2072.0,-5.28
1259,17.58,0.76,4.24,-17.9,580.0,1904.0,2064.0,-4.69
1260,17.58,0.76,4.24,-18.32,583.0,2056.0,2072.0,-2.55
1261,17.58,0.76,4.24,-17.48,583.0,1976.0,2024.0,-2.35
1262,17.58,0.76,4.24,-17.98,588.0,1992.0,1976.0,-1.96
1263,17.58,0.76,4.24,-17.98,587.0,2056.0,2000.0,-1.57
1264,17.58,0.76,4.24,-15.82,586.0,2000.0,1992.0,-1.57
1265,17.58,0.76,4.24,-15.89,586.0,2040.0,1984.0,-1.57
1266,17.58,0.76,4.24,-14.15,594.0,1952.0,1976.0,-3.91
1267,17.58,0.76,4.24,-14.99,587.0,1968.0,1976.0,-3.91
1268,17.58,0.76,4.24,-14.22,580.0,2016.0,1992.0,-4.11
1269,17.58,0.76,4.24,-14.99,581.0,1944.0,1968.0,-4.3
1270,17.58,0.76,4.24,-15.06,587.0,1928.0,1992.0,-4.3
1271,17.58,0.76,4.24,-14.99,589.0,1936.0,2008.0,-4.5
1272,17.64,0.76,4.24,-13.8,588.0,1960.0,1984.0,-4.69
1273,17.64,0.76,4.24,-13.32,586.0,1960.0,1944.0,-4.89
1274,17.64,0.76,4.24,-14.22,583.0,1912.0,1952.0,-4.89
1275,17.64,0.76,4.24,-12.55,586.0,1896.0,1928.0,-5.08
1276,17.64,0.76,4.24,-10.87,592.0,1960.0,1960.0,-5.08
1277,17.64,0.76,4.24,-11.29,588.0,1896.0,1960.0,-5.28
1278,17.64,0.76,4.24,-12.13,584.0,1912.0,1904.0,-5.28
1279,17.64,0.76,4.24,-13.38,583.0,1952.0,1992.0,-5.28
1280,17.64,0.76,4.24,-13.8,589.0,1912.0,2024.0,-5.08
1281,17.64,0.76,4.24,-13.8,587.0,1952.0,2032.0,-5.08
1282,17.64,0.76,4.24,-15.47,589.0,1992.0,2000.0,-2.55
1283,17.64,0.76,4.24,-15.13,594.0,1992.0,2072.0,-2.35
1284,17.58,0.76,4.24,-17.56,591.0,2040.0,2008.0,-2.35
1285,17.58,0.76,4.24,-17.15,595.0,1976.0,1968.0,-2.15
1286,17.58,0.76,4.24,-16.73,586.0,1992.0,1928.0,-2.15
1287,17.58,0.76,4.24,-16.82,585.0,1984.0,1960.0,-4.5
1288,17.58,0.76,4.24,-16.82,586.0,1936.0,1976.0,-4.5
1289,17.58,0.76,4.24,-16.82,592.0,1912.0,2072.0,-4.69
1290,17.58,0.76,4.24,-17.15,589.0,1920.0,2024.0,-4.89
1291,17.58,0.76,4.24,-15.89,592.0,1944.0,2000.0,-4.89
1292,17.64,0.76,4.24,-14.71,592.0,1904.0,1992.0,-5.08
1293,17.64,0.76,4.24,-14.22,587.0,1912.0,1928.0,-5.28
1294,17.64,0.76,4.24,-14.29,587.0,1912.0,1928.0,-5.28
1295,17.64,0.76,4.24,-14.71,584.0,1920.0,1928.0,-5.28
1296,17.64,0.76,4.24,-13.8,585.0,1920.0,1968.0,-5.28
1297,17.64,0.76,4.24,-14.29,585.0,1912.0,1920.0,-5.28
1298,17.64,0.76,4.24,-13.38,582.0,1920.0,1944.0,-5.47
1299,17.64,0.76,4.24,-14.29,580.0,1888.0,1960.0,-5.47
1300,17.64,0.76,4.24,-13.38,582.0,1920.0,1984.0,-5.47
1301,17.64,0.76,4.24,-13.03,580.0,1896.0,1992.0,-5.08
1302,17.64,0.76,4.24,-11.71,583.0,1936.0,2008.0,-4.5
1303,17.64,0.76,4.24,-13.03,584.0,1976.0,1944.0,-2.35
1304,17.64,0.76,4.24,-11.29,585.0,2024.0,1944.0,-1.96
1305,17.64,0.76,4.24,-12.55,585.0,2000.0,2000.0,-1.76
1306,17.64,0.76,4.24,-13.03,587.0,2000.0,1952.0,-1.57
1307,17.64,0.76,4.24,-12.96,584.0,2016.0,1984.0,-1.57
1308,17.64,0.76,4.24,-13.38,587.0,1936.0,2016.0,-3.91
1309,17.64,0.76,4.24,-13.38,585.0,1952.0,2024.0,-3.91
1310,17.64,0.76,4.24,-13.87,586.0,1960.0,2056.0,-3.91
1311,17.64,0.76,4.24,-15.47,580.0,1960.0,2016.0,-3.91
1312,17.64,0.76,4.24,-17.56,582.0,1928.0,2024.0,-1.57
1313,17.64,0.76,4.24,-17.15,581.0,1984.0,2032.0,-1.57
1314,17.64,0.76,4.24,-16.31,588.0,2024.0,1952.0,-1.57
1315,17.64,0.76,4.24,-16.4,584.0,2024.0,1952.0,-1.57
1316,17.64,0.76,4.24,-16.73,587.0,2000.0,1976.0,-1.57
1317,17.64,0.76,4.24,-16.73,589.0,1992.0,1968.0,-1.76
1318,17.64,0.76,4.24,-16.73,587.0,2000.0,1960.0,-4.11
1319,17.64,0.76,4.24,-16.73,587.0,1936.0,1960.0,-4.11
1320,17.64,0.76,4.24,-16.73,581.0,1944.0,1968.0,-4.3
1321,17.64,0.76,4.24,-16.82,582.0,1928.0,2032.0,-4.3
1322,17.64,0.76,4.24,-16.82,586.0,1944.0,2056.0,-4.5
1323,17.64,0.76,4.24,-15.89,580.0,1944.0,2008.0,-4.5
1324,17.64,0.76,4.24,-15.89,581.0,1904.0,2040.0,-4.69
1325,17.64,0.76,4.24,-16.4,581.0,1896.0,1968.0,-4.69
1326,17.64,0.76,4.24,-16.73,586.0,1920.0,1960.0,-4.89
1327,17.64,0.76,4.24,-15.89,584.0,1920.0,1968.0,-4.89
1328,17.64,0.76,4.24,-16.73,585.0,1920.0,1960.0,-5.08
1329,17.64,0.76,4.24,-16.31,584.0,1880.0,1928.0,-5.08
1330,17.64,0.76,4.24,-15.89,583.0,1888.0,1936.0,-5.28
1331,17.64,0.76,4.24,-14.64,582.0,1880.0,1944.0,-5.28
1332,17.64,0.76,4.24,-15.06,584.0,1872.0,1928.0,-5.47
1333,17.64,0.76,4.24,-13.8,588.0,1888.0,1928.0,-5.67
1334,17.64,0.76,4.24,-14.64,587.0,1904.0,1912.0,-5.67
1335,17.64,0.76,4.24,-14.71,587.0,1872.0,1928.0,-5.87
1336,17.64,0.76,4.24,-14.22,587.0,1872.0,1920.0,-5.87
1337,17.64,0.76,4.24,-15.97,585.0,1872.0,1912.0,-3.52
1338,17.64,0.76,4.24,-14.22,582.0,1936.0,1936.0,-3.52
1339,17.64,0.76,4.24,-16.31,583.0,1928.0,1920.0,-3.52
1340,17.64,0.76,4.24,-13.87,586.0,1960.0,1928.0,-3.52
1341,17.64,0.76,4.24,-13.45,579.0,1864.0,1968.0,-6.06
1342,17.64,0.76,4.24,-12.19,585.0,1880.0,1960.0,-6.06
1343,17.64,0.76,4.24,-12.96,582.0,1864.0,1976.0,-6.06
1344,17.64,0.76,4.24,-13.03,589.0,1904.0,1968.0,-6.06
1345,17.64,0.76,4.24,-12.96,589.0,1960.0,2016.0,-3.72
1346,17.64,0.76,4.24,-13.03,585.0,1936.0,1984.0,-3.52
1347,17.64,0.76,4.24,-12.96,582.0,1936.0,2024.0,-3.33
1348,17.64,0.76,4.24,-13.38,589.0,1936.0,1920.0,-2.94
1349,17.64,0.76,4.24,-16.73,589.0,1976.0,1936.0,-2.94
1350,17.64,0.76,4.24,-17.56,581.0,1952.0,1920.0,-2.94
1351,17.64,0.76,4.24,-16.4,585.0,1992.0,1952.0,-5.28
1352,17.64,0.76,4.24,-16.73,581.0,1888.0,2000.0,-5.28
1353,17.64,0.76,4.24,-16.73,583.0,1896.0,2008.0,-5.28
1354,17.64,0.76,4.24,-16.73,582.0,1904.0,2024.0,-5.47
1355,17.64,0.76,4.24,-16.73,587.0,1896.0,2008.0,-5.47
1356,17.64,0.76,4.24,-16.73,580.0,1880.0,1920.0,-5.67
1357,17.64,0.76,4.24,-15.56,584.0,1912.0,1928.0,-5.67
1358,17.64,0.76,4.24,-15.47,584.0,1928.0,1904.0,-3.33
1359,17.64,0.76,4.24,-14.64,583.0,1952.0,1936.0,-3.33
1360,17.64,0.76,4.24,-14.22,581.0,1960.0,1920.0,-3.13
1361,17.64,0.76,4.24,-15.06,588.0,1912.0,1904.0,-5.47
1362,17.64,0.76,4.24,-13.8,586.0,1920.0,2000.0,-5.47
1363,17.64,0.76,4.24,-13.8,581.0,1888.0,1992.0,-5.67
1364,17.64,0.76,4.24,-13.38,582.0,1888.0,1992.0,-5.67
1365,17.64,0.76,4.24,-12.13,578.0,1912.0,2008.0,-5.67
1366,17.64,0.76,4.24,-12.96,582.0,1928.0,1936.0,-3.33
1367,17.64,0.76,4.24,-13.03,581.0,1912.0,1872.0,-3.33
1368,17.64,0.76,4.24,-12.96,581.0,1920.0,1888.0,-2.94
1369,17.64,0.76,4.24,-14.64,582.0,1928.0,1928.0,-2.55
1370,17.64,0.76,4.24,-15.89,580.0,1992.0,1992.0,-2.35
1371,17.64,0.76,4.24,-15.47,582.0,1976.0,1992.0,-2.35
1372,17.64,0.76,4.24,-15.47,580.0,1880.0,1920.0,-4.69
1373,17.64,0.76,4.24,-16.31,579.0,1888.0,2016.0,-4.69
1374,17.64,0.76,4.24,-16.73,588.0,1936.0,1976.0,-4.69
1375,17.64,0.76,4.24,-16.31,589.0,1896.0,1936.0,-4.89
1376,17.64,0.76,4.24,-16.73,588.0,1880.0,1920.0,-5.08
1377,17.64,0.76,4.24,-16.73,585.0,1904.0,1904.0,-5.08
1378,17.64,0.76,4.24,-16.73,588.0,1840.0,1944.0,-5.28
1379,17.64,0.76,4.24,-16.73,586.0,1904.0,1936.0,-5.28
1380,17.64,0.76,4.24,-16.73,582.0,1856.0,1864.0,-5.47
1381,17.64,0.76,4.24,-16.73,588.0,1880.0,1912.0,-5.47
1382,17.64,0.76,4.24,-16.73,585.0,1848.0,1864.0,-5.67
1383,17.64,0.76,4.24,-16.73,589.0,1872.0,1864.0,-5.67
1384,17.64,0.76,4.24,-16.31,589.0,1872.0,1952.0,-5.67
1385,17.64,0.76,4.24,-15.89,586.0,1832.0,1928.0,-5.67
1386,17.64,0.76,4.24,-14.64,589.0,1856.0,1984.0,-5.67
1387,17.64,0.76,4.24,-13.38,588.0,1896.0,1920.0,-5.47
1388,17.64,0.76,4.24,-13.8,586.0,1896.0,1912.0,-3.13
1389,17.64,0.76,4.24,-14.71,590.0,1944.0,1912.0,-2.94
1390,17.64,0.76,4.24,-15.06,585.0,1920.0,1864.0,-2.94
1391,17.64,0.76,4.24,-15.13,586.0,1904.0,1872.0,-5.08
1392,17.64,0.76,4.24,-15.06,585.0,1856.0,1984.0,-5.28
1393,17.64,0.76,4.24,-15.13,587.0,1840.0,1992.0,-5.28
1394,17.64,0.76,4.24,-17.98,586.0,1888.0,1952.0,-5.28
1395,17.64,0.76,4.24,-15.47,587.0,1848.0,1912.0,-5.47
1396,17.64,0.76,4.24,-15.47,585.0,1952.0,1896.0,-3.13
1397,17.64,0.76,4.24,-15.89,583.0,1912.0,1864.0,-3.13
1398,17.64,0.76,4.24,-20.49,587.0,1896.0,1872.0,-3.13
1399,17.64,0.76,4.24,-17.98,585.0,1912.0,1872.0,-2.94
1400,17.64,0.76,4.24,-17.15,583.0,1928.0,1840.0,-5.28
1401,17.64,0.76,4.24,-17.15,588.0,1832.0,1928.0,-5.47
1402,17.64,0.76,4.24,-16.73,589.0,1824.0,1928.0,-5.47
1403,17.64,0.76,4.24,-17.56,586.0,1856.0,1920.0,-5.67
1404,17.64,0.76,4.24,-16.31,582.0,1856.0,1904.0,-5.67
1405,17.64,0.76,4.24,-15.06,585.0,1904.0,1848.0,-3.33
1406,17.64,0.76,4.24,-14.99,581.0,1880.0,1856.0,-3.33
1407,17.64,0.76,4.24,-14.99,580.0,1880.0,1848.0,-3.33
1408,17.64,0.76,4.24,-14.57,580.0,1888.0,1848.0,-3.13
1409,17.64,0.76,4.24,-13.8,579.0,1896.0,1872.0,-3.13
1410,17.64,0.76,4.24,-15.4,585.0,1840.0,1920.0,-5.47
1411,17.64,0.76,4.24,-15.47,587.0,1840.0,1928.0,-5.47
1412,17.64,0.76,4.24,-15.82,587.0,1840.0,1928.0,-5.47
1413,17.64,0.76,4.24,-15.89,587.0,1840.0,1920.0,-3.13
1414,17.64,0.76,4.25,-15.82,586.0,1904.0,1856.0,-3.13
1415,17.64,0.76,4.25,-16.65,588.0,1896.0,1872.0,-3.13
1416,17.64,0.76,4.25,-16.23,589.0,1904.0,1864.0,-3.13
1417,17.64,0.76,4.24,-16.31,587.0,1888.0,1872.0,-5.67
1418,17.64,0.76,4.25,-16.31,588.0,1792.0,1800.0,-5.67
1419,17.64,0.76,4.24,-16.31,582.0,1816.0,1832.0,-5.87
1420,17.64,0.76,4.24,-16.31,588.0,1792.0,1848.0,-5.87
1421,17.64,0.76,4.24,-16.73,579.0,1768.0,1792.0,-6.06
1422,17.64,0.76,4.24,-16.73,579.0,1752.0,1848.0,-6.06
1423,17.64,0.76,4.25,-16.73,577.0,1776.0,1840.0,-6.06
1424,17.64,0.76,4.24,-16.73,577.0,1840.0,1840.0,-5.67
1425,17.64,0.76,4.24,-16.73,573.0,1776.0,1920.0,-5.28
1426,17.64,0.76,4.24,-17.15,580.0,1896.0,1952.0,-3.13
1427,17.64,0.76,4.25,-18.73,578.0,1904.0,1944.0,-2.74
1428,17.64,0.75,4.25,-11.29,578.0,1912.0,1936.0,-2.35
1429,17.64,0.75,4.25,-15.89,582.0,1872.0,1928.0,-2.15
1430,17.64,0.76,4.25,-13.8,579.0,1880.0,1920.0,-1.96
1431,17.64,0.76,4.25,-14.22,579.0,1880.0,1864.0,-1.96
1432,17.64,0.75,4.25,-13.8,585.0,1872.0,1840.0,-1.96
1433,17.64,0.76,4.25,-13.8,581.0,1872.0,1840.0,-1.96
1434,17.64,0.75,4.25,-12.55,584.0,1896.0,1840.0,-2.15
1435,17.64,0.76,4.25,-11.29,585.0,1832.0,1832.0,-4.5
1436,17.64,0.76,4.25,-12.19,582.0,1792.0,1816.0,-4.69
1437,17.64,0.76,4.25,-10.46,583.0,1808.0,1864.0,-4.69
1438,17.64,0.76,4.25,-12.19,586.0,1824.0,1824.0,-4.89
1439,17.64,0.76,4.25,-8.78,581.0,1800.0,1816.0,-5.08
1440,17.64,0.76,4.24,-11.29,581.0,1792.0,1864.0,-2.74
1441,17.64,0.76,4.25,-10.87,580.0,1848.0,1856.0,-2.74
1442,17.64,0.76,4.25,-12.13,577.0,1848.0,1832.0,-2.55
1443,17.64,0.76,4.25,-13.38,587.0,1872.0,1864.0,-2.55
1444,17.64,0.76,4.25,-15.47,578.0,1856.0,1856.0,-2.35
1445,17.64,0.76,4.25,-14.64,579.0,1880.0,1912.0,-4.5
1446,17.64,0.76,4.25,-13.45,580.0,1816.0,1928.0,-4.69
1447,17.64,0.76,4.25,-14.64,583.0,1816.0,1896.0,-4.69
1448,17.64,0.76,4.25,-14.64,587.0,1832.0,1928.0,-4.69
1449,17.64,0.76,4.25,-11.71,582.0,1808.0,1856.0,-4.89
1450,17.64,0.76,4.25,-13.8,582.0,1792.0,1848.0,-4.89
1451,17.64,0.76,4.25,-12.96,586.0,1848.0,1832.0,-2.55
1452,17.64,0.76,4.25,-13.38,587.0,1888.0,1824.0,-2.55
1453,17.64,0.76,4.25,-10.87,586.0,1840.0,1816.0,-2.55
1454,17.64,0.76,4.25,-12.55,588.0,1856.0,1832.0,-2.74
1455,17.64,0.76,4.25,-13.38,588.0,1808.0,1808.0,-5.08
1456,17.64,0.76,4.25,-12.55,585.0,1776.0,1808.0,-5.28
1457,17.64,0.76,4.24,-11.71,582.0,1744.0,1760.0,-5.28
1458,17.64,0.76,4.24,-12.13,582.0,1744.0,1792.0,-5.47
1459,17.64,0.76,4.24,-11.29,581.0,1848.0,1808.0,-3.13
1460,17.64,0.76,4.25,-11.71,582.0,1840.0,1808.0,-2.94
1461,17.64,0.76,4.24,-11.71,578.0,1808.0,1824.0,-2.94
1462,17.64,0.76,4.24,-13.8,576.0,1864.0,1800.0,-2.74
1463,17.64,0.76,4.24,-15.06,582.0,1840.0,1880.0,-2.55
1464,17.64,0.76,4.25,-14.64,580.0,1800.0,1888.0,-4.89
1465,17.64,0.76,4.25,-14.22,589.0,1816.0,1928.0,-5.08
1466,17.64,0.76,4.25,-14.64,587.0,1816.0,1904.0,-5.08
1467,17.64,0.76,4.24,-15.47,580.0,1768.0,1856.0,-2.74
1468,17.64,0.76,4.25,-15.06,581.0,1808.0,1872.0,-2.74
1469,17.64,0.76,4.25,-15.89,584.0,1800.0,1832.0,-2.35
1470,17.64,0.76,4.25,-15.47,576.0,1872.0,1840.0,-2.15
1471,17.64,0.76,4.25,-15.47,579.0,1816.0,1784.0,-2.15
1472,17.64,0.75,4.25,-15.47,583.0,1808.0,1792.0,-4.5
1473,17.64,0.76,4.25,-15.47,586.0,1784.0,1904.0,-4.5
1474,17.64,0.75,4.25,-16.31,584.0,1840.0,1864.0,-4.69
1475,17.64,0.75,4.25,-15.89,580.0,1752.0,1856.0,-4.89
1476,17.64,0.76,4.25,-15.13,575.0,1776.0,1872.0,-4.89
1477,17.64,0.76,4.25,-15.47,580.0,1752.0,1776.0,-5.08
1478,17.64,0.76,4.25,-15.47,583.0,1808.0,1808.0,-2.74
1479,17.64,0.76,4.25,-15.06,577.0,1824.0,1776.0,-2.55
1480,17.64,0.75,4.25,-15.06,585.0,1816.0,1808.0,-2.55
1481,17.64,0.76,4.25,-15.47,583.0,1816.0,1808.0,-2.35
1482,17.64,0.76,4.25,-15.06,580.0,1768.0,1776.0,-4.69
1483,17.64,0.75,4.25,-15.06,577.0,1768.0,1776.0,-4.69
1484,17.64,0.76,4.25,-15.06,585.0,1760.0,1872.0,-4.89
1485,17.64,0.76,4.25,-15.06,585.0,1760.0,1864.0,-4.89
1486,17.64,0.76,4.25,-15.06,586.0,1744.0,1840.0,-4.89
1487,17.64,0.76,4.25,-15.89,583.0,1832.0,1768.0,-2.55
1488,17.64,0.76,4.25,-15.06,584.0,1816.0,1776.0,-2.35
1489,17.64,0.76,4.25,-15.06,586.0,1808.0,1792.0,-2.15
1490,17.64,0.76,4.25,-15.06,584.0,1808.0,1776.0,-2.15
1491,17.64,0.76,4.25,-15.06,583.0,1816.0,1800.0,-1.96
1492,17.64,0.75,4.25,-14.22,585.0,1752.0,1784.0,-4.3
1493,17.64,0.76,4.25,-14.22,585.0,1752.0,1776.0,-4.5
1494,17.64,0.76,4.25,-15.06,586.0,1752.0,1840.0,-4.5
1495,17.64,0.76,4.25,-15.06,586.0,1792.0,1856.0,-4.5
1496,17.64,0.76,4.25,-15.06,577.0,1824.0,1840.0,-4.69
1497,17.64,0.76,4.25,-14.64,587.0,1752.0,1824.0,-4.89
1498,17.64,0.76,4.25,-14.64,582.0,1752.0,1776.0,-4.89
1499,17.64,0.76,4.25,-14.64,584.0,1752.0,1776.0,-5.08
1500,17.64,0.76,4.25,-14.29,588.0,1744.0,1752.0,-5.08
1501,17.23,0.93,4.02,16.23,596.0,4656.0,4352.0,-0.01
1502,9.38,1.04,4.08,-28.81,835.0,5128.0,4592.0,-0.01
1503,12.57,1.04,3.91,17.7,1143.0,4320.0,4064.0,-6.06
1504,13.63,0.81,4.19,-13.58,1169.0,2640.0,2496.0,-6.26
1505,17.64,0.81,4.2,-9.16,974.0,1984.0,2048.0,-6.26
1506,18.53,0.82,4.18,-4.18,819.0,1976.0,1968.0,-3.91
1507,17.99,0.83,4.17,0.42,716.0,2368.0,2256.0,-3.72
1508,17.05,0.85,4.15,-16.4,704.0,2632.0,2640.0,-2.94
1509,16.22,0.83,4.17,-13.8,718.0,2736.0,2752.0,-2.35
1510,16.34,0.78,4.21,-14.99,707.0,2632.0,2608.0,-1.96
1511,16.7,0.8,4.2,-1.66,689.0,3336.0,2624.0,-0.98
1512,16.52,0.8,4.2,-12.49,732.0,2720.0,2632.0,-0.4
1513,16.99,0.78,4.22,-6.24,704.0,2480.0,2440.0,-0.59
1514,17.23,0.81,4.19,-8.78,688.0,2408.0,2488.0,-2.94
1515,17.05,0.82,4.18,-6.27,677.0,2488.0,2656.0,-2.94
1516,16.52,0.83,4.17,-7.94,684.0,2720.0,2848.0,-2.94
1517,16.34,0.79,4.21,-16.31,700.0,2728.0,2776.0,-0.4
1518,16.64,0.79,4.21,-15.89,701.0,2632.0,2712.0,-0.2
1519,16.87,0.8,4.21,-13.8,693.0,2584.0,2624.0,0.77
1520,16.99,0.79,4.21,-12.19,681.0,2568.0,2600.0,1.36
1521,17.05,0.8,4.21,-12.96,679.0,2544.0,2600.0,1.75
1522,17.05,0.79,4.21,-12.49,680.0,2560.0,2624.0,2.34
1523,17.11,0.8,4.21,-13.38,681.0,2568.0,2600.0,2.73
1524,17.11,0.8,4.21,-13.38,679.0,2584.0,2624.0,2.92
1525,17.17,0.79,4.21,-12.96,684.0,2568.0,2520.0,3.12
1526,17.17,0.8,4.21,-11.71,681.0,2576.0,2544.0,3.12
1527,17.17,0.8,4.21,-12.13,680.0,2576.0,2544.0,2.92
1528,17.17,0.8,4.21,-10.03,682.0,2496.0,2488.0,0.58
1529,17.17,0.8,4.21,-10.51,680.0,2464.0,2528.0,0.38
1530,17.17,0.8,4.2,-10.87,678.0,2432.0,2504.0,0.38
